y_true,y_pred_lr,prob_hate_speech,prob_offensive_language,prob_neither
2,2,0.0063181038139517144,0.0005932961979062134,0.9930885999881421
2,2,0.006751777035657446,0.034832410990728466,0.958415811973614
1,1,0.13689776647565752,0.7931587046464651,0.06994352887787733
1,1,0.0956101767731293,0.8491620576511831,0.05522776557568755
2,2,0.05712416391596378,0.20563601388789743,0.7372398221961388
1,0,0.81290756158574,0.18700224411591684,9.01942983432241e-05
1,1,0.17230873312295247,0.8007474844831877,0.0269437823938598
1,1,0.2882919336632956,0.48574554686499466,0.2259625194717097
2,2,0.06346310137380809,0.10649216752890059,0.8300447310972914
1,1,0.09858358608599266,0.8889777060025019,0.01243870791150542
1,1,0.03413233720922398,0.9539070801026132,0.011960582688162693
1,1,0.030714553466047137,0.9186276382643029,0.0506578082696499
1,1,0.02126511808709231,0.923043534887883,0.05569134702502466
1,0,0.6050261290860482,0.27901029256404164,0.11596357834991017
1,1,0.09120913043893664,0.7974246195789376,0.11136624998212577
1,1,0.03928057763180246,0.9349899784916308,0.025729443876566862
1,1,0.0692331851365748,0.9012791112412496,0.02948770362217567
1,0,0.5953078534973545,0.18268733206965296,0.2220048144329925
0,1,0.3103548579533673,0.6731429828028593,0.016502159243773323
1,1,0.3082707158488537,0.6233505368854484,0.06837874726569793
0,0,0.47133644187926205,0.4268134465625037,0.10185011155823431
2,2,0.16249262808950626,0.2503888698803088,0.587118502030185
2,2,0.034284790973578214,0.06389012983660437,0.9018250791898175
0,1,0.11673446434111832,0.864506812025593,0.018758723633288753
1,1,0.21008342708084207,0.7569543553266717,0.032962217592486354
2,2,0.012343245733407154,0.029960414579737128,0.9576963396868557
2,2,0.24299053363098788,0.09759336796397138,0.6594160984050408
2,2,0.05329448511916262,0.16216364107064385,0.7845418738101935
0,1,0.336720818227582,0.6550560137703306,0.00822316800208734
1,1,0.16865973057678385,0.7179409690816078,0.11339930034160844
1,1,0.05015996308612634,0.9327654240163264,0.017074612897547237
1,1,0.027011713194367473,0.9694381908636545,0.0035500959419781817
1,0,0.5574982520114381,0.4408648428528927,0.001636905135669242
1,1,0.017499716180095045,0.9703060729153279,0.01219421090457704
1,1,0.08592811118761227,0.8618979827256233,0.0521739060867645
1,1,0.07109633608751051,0.7960871376782617,0.13281652623422793
1,1,0.09200708037858478,0.8795666155918243,0.02842630402959078
1,1,0.10607080731630926,0.8820801854314445,0.011849007252246172
1,1,0.14357709834270413,0.8336199712438184,0.02280293041347746
1,0,0.9759558090303723,0.023719495787674853,0.00032469518195299565
1,1,0.4472864008527569,0.4889125416084172,0.0638010575388259
1,0,0.5939193181240083,0.29801968113797456,0.10806100073801703
0,1,0.06564194918822483,0.9108893881445895,0.02346866266718552
1,1,0.05697929426477029,0.8500732506602227,0.09294745507500705
1,1,0.20185979093395998,0.7852257067904698,0.01291450227557023
1,1,0.04253387070898976,0.8763880457209633,0.08107808357004699
1,2,0.024602571809410154,0.005646901844977791,0.969750526345612
2,1,0.15657530542382384,0.4287299222557096,0.4146947723204666
1,1,0.13655291520767093,0.6822890479374868,0.18115803685484227
1,1,0.007910237692761703,0.9907888915454615,0.0013008707617767595
0,1,0.2844864184040135,0.46305141810358114,0.25246216349240524
1,1,0.07459749065312835,0.7627688622013243,0.16263364714554715
1,1,0.03682510836426489,0.9092455266398579,0.05392936499587722
1,1,0.04145830756364198,0.9350050845334821,0.023536607902875897
2,2,0.016067639929167453,0.05908360542968379,0.9248487546411488
1,1,0.013487102450326627,0.9777803699700374,0.008732527579635956
1,2,0.12647478645149804,0.43027614220038435,0.4432490713481176
1,0,0.9244451807374999,0.07357512084647669,0.0019796984160232413
1,2,0.18273579248720603,0.3745997972196197,0.44266441029317416
1,2,0.030527636985003843,0.12716533354967863,0.8423070294653174
1,1,0.02453687839091919,0.9509640134371893,0.02449910817189159
1,1,0.12114976695602465,0.6749449681165617,0.20390526492741365
1,1,0.05297071657779794,0.7886363842740148,0.15839289914818727
1,1,0.17144741428670968,0.5145065889311928,0.31404599678209744
2,2,0.04029514964390931,0.21371220456550913,0.7459926457905816
1,1,0.39152223613675585,0.504840017039646,0.10363774682359819
1,1,0.10268026262357212,0.877329443287839,0.01999029408858887
1,1,0.02166376640438594,0.8676227996781829,0.11071343391743108
1,1,0.3784845411456221,0.5917969637601962,0.029718495094181605
1,1,0.04300310197381282,0.9381186370297917,0.018878260996395523
1,1,0.08126692379102482,0.8025584915821011,0.11617458462687408
1,1,0.04074504226560375,0.9042447989854102,0.055010158748985995
1,1,0.051580142453586345,0.9190777872405601,0.029342070305853604
1,1,0.053202482016911086,0.943198964370537,0.003598553612552096
1,1,0.04959139736269798,0.8915992388288442,0.05880936380845783
1,1,0.13490356794352407,0.4474220542651695,0.41767437779130634
1,1,0.014579996878545883,0.9844341955062724,0.0009858076151815932
1,1,0.21417340323448977,0.7156615461025148,0.07016505066299548
1,1,0.03283697232558678,0.9582219303226384,0.008941097351774735
1,1,0.29388753192817346,0.6931760764437919,0.012936391628034595
1,1,0.041804377605823145,0.9427203558064429,0.015475266587733943
1,1,0.08981345839086696,0.8739002133237055,0.03628632828542747
1,1,0.0398639041924184,0.9013783880232756,0.05875770778430598
1,1,0.12488279616398627,0.6746650506230115,0.20045215321300217
1,0,0.7175645306571272,0.22616800372604726,0.05626746561682557
2,2,0.26646106124046953,0.21642311952802717,0.5171158192315033
1,1,0.017830329944298624,0.9660912338832436,0.016078436172457914
1,1,0.07451941444308634,0.8866460812017997,0.03883450435511397
0,0,0.863287259016203,0.10872808497622516,0.027984656007571853
2,2,0.0460661076844345,0.30074573440844754,0.653188157907118
1,0,0.8082129072554431,0.16571648819875387,0.02607060454580296
1,1,0.10474195675767507,0.7959290233478931,0.09932901989443185
1,1,0.042038034709188085,0.9410456813042638,0.01691628398654806
1,1,0.09363714608618659,0.8707105086582548,0.035652345255558625
1,1,0.13974195432799014,0.8436857779004977,0.016572267771512092
1,1,0.030584543028450747,0.9578352932080028,0.011580163763546536
1,1,0.020305613249889734,0.9653215277671398,0.014372858982970704
2,2,0.018479344932136186,0.01874524786028253,0.9627754072075813
1,1,0.05849438707830238,0.7245349602850739,0.21697065263662377
1,1,0.03955414421860992,0.9330034485390784,0.027442407242311718
2,2,0.07294573943443047,0.05279866019746078,0.8742556003681088
1,1,0.09744788855301953,0.8561985763176341,0.046353535129346424
1,1,0.043892331365373474,0.7934285898035044,0.16267907883112212
2,2,0.05570742273882377,0.08967294394632298,0.8546196333148532
1,1,0.08203489583939326,0.7906995924736161,0.12726551168699077
1,0,0.6008507251985813,0.3774017702827725,0.02174750451864608
1,1,0.32972402514282195,0.6225879462685724,0.04768802858860574
1,1,0.09659635292571024,0.7696149715583106,0.13378867551597917
1,1,0.06447911721185408,0.8121939515193051,0.12332693126884088
1,0,0.5295152342439825,0.4677444349492208,0.002740330806796654
1,1,0.0892087881082877,0.9030051875144162,0.007786024377296141
1,1,0.06491747869306791,0.921567205102488,0.013515316204443942
1,1,0.04471822043103797,0.8789418144647185,0.0763399651042436
1,1,0.12776179358988807,0.8381845711655439,0.03405363524456811
1,1,0.03208910684494888,0.9601989196205488,0.007711973534502346
1,1,0.29005260419375595,0.6234633730037805,0.08648402280246359
1,1,0.09402251652076013,0.8704147939522219,0.03556268952701804
1,1,0.10452873710837275,0.6404738835833991,0.25499737930822813
1,1,0.30409453193838015,0.6192784687419666,0.07662699931965326
1,1,0.17053298059694233,0.590734424513823,0.23873259488923462
1,1,0.02773434264793825,0.9318198899488608,0.040445767403200925
1,1,0.2793369279730809,0.5493559290768687,0.1713071429500505
1,1,0.03272650559453384,0.9565677398129531,0.010705754592512957
1,1,0.11885767024623925,0.8195477327610997,0.061594596992660865
1,1,0.14741667713876877,0.7995754346686389,0.05300788819259237
1,1,0.04789709192229517,0.9510397337611869,0.0010631743165177689
1,1,0.3293895574097276,0.6525277062866669,0.018082736303605493
1,1,0.07395064172613412,0.7669511965214896,0.1590981617523764
1,1,0.04050922064761411,0.8871245255861517,0.07236625376623416
1,1,0.07633110437949832,0.8601720049961563,0.06349689062434544
1,1,0.016350740637335433,0.9821582632326595,0.001490996130005147
2,0,0.6928226571820959,0.12118817119752864,0.18598917162037545
1,1,0.11770699824684053,0.7776247356448026,0.10466826610835689
2,2,0.25180400463932795,0.11819986956793117,0.6299961257927409
2,2,0.07448744942072166,0.11263473424921637,0.8128778163300618
1,1,0.22505359939105907,0.7654523854677971,0.009494015141143836
1,1,0.11645797224858624,0.8342833855364834,0.04925864221493027
1,1,0.09143863251286474,0.764306437136525,0.1442549303506102
1,1,0.2009290572998508,0.47038414692950176,0.32868679577064747
2,2,0.05493901273479232,0.09619125843402311,0.8488697288311846
0,0,0.7270570123501398,0.18824421809536038,0.0846987695545
1,1,0.06664039006325766,0.7379252663378477,0.1954343435988946
2,2,0.04494666425255661,0.08161348084568132,0.8734398549017621
1,1,0.032695497156830386,0.9571568891440362,0.01014761369913349
1,1,0.06051392613944814,0.9032554127934607,0.036230661067091226
1,1,0.04865990242754976,0.923959134239825,0.027380963332625213
1,1,0.06584107683016835,0.895806024140797,0.03835289902903461
1,1,0.29898039848396246,0.6250894160812184,0.07593018543481934
1,1,0.021269798759974225,0.9717158196082373,0.007014381631788327
0,1,0.056896466909593754,0.9051085928554868,0.03799494023491946
0,0,0.9951247882465851,0.004800486148742437,7.472560467238519e-05
1,1,0.2705515608756821,0.5552593427819765,0.1741890963423413
1,1,0.26901901768144115,0.6820540456233615,0.04892693669519741
1,1,0.06400758247143129,0.909335830776983,0.026656586751585706
0,0,0.9281923966844804,0.05707051690446161,0.014737086411058108
1,1,0.014486120727605783,0.9555242392676834,0.029989640004710712
2,2,0.06686554224894707,0.23864107091702533,0.6944933868340277
2,2,0.2692895907691654,0.12281069155181021,0.6078997176790244
2,2,0.014552294792941872,0.03330482948505157,0.9521428757220066
2,2,0.24448202307473377,0.22738746503391286,0.5281305118913534
1,1,0.023386299476052225,0.9683309919613133,0.008282708562634446
2,2,0.08159748756043485,0.11370743822434623,0.8046950742152189
1,1,0.14638736145590123,0.8089034655922587,0.04470917295184007
0,1,0.25393508957329025,0.4599359553598015,0.2861289550669081
1,2,0.12226737631696619,0.09637506083524387,0.78135756284779
1,1,0.06904338806583321,0.8375245978218404,0.09343201411232632
1,2,0.09719578356795941,0.4060179946066086,0.4967862218254321
1,1,0.09477974328760737,0.8503847951577085,0.05483546155468409
1,1,0.03984402591452281,0.9431426042207445,0.017013369864732862
1,1,0.20182878503393506,0.7685916302861177,0.02957958467994723
2,2,0.06540602986258735,0.15604490213311153,0.7785490680043012
0,0,0.7848999121740815,0.21022140709158044,0.004878680734338009
1,1,0.2924145009251923,0.7040307521554212,0.0035547469193864434
1,1,0.027018093786198873,0.9626359877617179,0.01034591845208333
1,1,0.40357758547089595,0.510360568089614,0.08606184643948994
1,1,0.16060101306357058,0.8095723831424543,0.02982660379397515
1,1,0.1183778774292388,0.7723347477905866,0.10928737478017446
1,1,0.09451492321438242,0.6592895074309207,0.24619556935469694
1,1,0.10072045628108006,0.8147631661393285,0.08451637757959138
1,1,0.4580357111107158,0.5093202928931208,0.03264399599616345
1,1,0.08339751611875422,0.8858438375059277,0.03075864637531808
1,1,0.04011476200848289,0.847342369366469,0.11254286862504817
1,1,0.06670871808693919,0.8848914047172864,0.04839987719577436
1,1,0.2657226113537763,0.5433743503821628,0.19090303826406088
1,1,0.0796369054076345,0.8785449423542016,0.04181815223816387
1,1,0.02793266622762154,0.9572134960181422,0.014853837754236411
2,2,0.2854555122972776,0.22145204976672112,0.49309243793600127
2,2,0.05245588446291869,0.44622001962020985,0.5013240959168714
1,1,0.18305649237044186,0.5932289975272068,0.2237145101023513
1,1,0.01737150087591256,0.9603317205838208,0.02229677854026655
1,1,0.09968309627921937,0.8898898391624626,0.010427064558318041
2,2,0.026603816679927495,0.036604697673655255,0.9367914856464172
1,1,0.37376001546641757,0.6248741957253293,0.0013657888082531135
1,2,0.06812685607868468,0.2521812387403286,0.6796919051809868
1,1,0.06655089368799151,0.8717210159780708,0.0617280903339376
2,2,0.024771454541124643,0.012903052348890963,0.9623254931099845
2,2,0.04119010448222829,0.09817175210665206,0.8606381434111197
2,2,0.004493325584650256,0.03612194754620139,0.9593847268691483
1,1,0.3058525154595509,0.6591791882628548,0.03496829627759441
1,1,0.1480079274851649,0.8062005955774195,0.0457914769374156
1,1,0.050539664414696046,0.9418622417337723,0.007598093851531741
1,1,0.018440673451081267,0.9683100266683626,0.013249299880556101
1,1,0.032525503053138456,0.9467512456298485,0.020723251317013098
2,2,0.029221271338565006,0.03828936821029227,0.9324893604511426
1,1,0.11973646358247282,0.8306183704913028,0.049645165926224186
1,1,0.008588790802630248,0.9907236033978202,0.0006876057995496979
1,1,0.30048604174330146,0.5880396672849577,0.11147429097174089
0,2,0.10709467681614238,0.22554845116850109,0.6673568720153565
2,2,0.09237777006543037,0.10406888280072328,0.8035533471338463
0,1,0.17834944788638415,0.7611661203160257,0.060484431797590166
1,1,0.13644233893309538,0.7353914686608962,0.12816619240600827
1,1,0.166951762541004,0.6937426917377153,0.13930554572128065
2,2,0.06396648413247849,0.07447458807020703,0.8615589277973145
2,2,0.03752019478097605,0.061001558056835756,0.9014782471621883
1,1,0.026942031806026483,0.9705606479171951,0.002497320276778483
1,0,0.4954815308738464,0.36500382254392766,0.13951464658222584
2,2,0.10408964206120275,0.35653166301354133,0.5393786949252559
1,1,0.13876902542958075,0.8319917367860585,0.029239237784360727
1,1,0.02636308718407323,0.9623958022476701,0.011241110568256763
1,1,0.15205506003624175,0.7793753549285324,0.0685695850352258
1,1,0.0490229284184987,0.8603894903109751,0.0905875812705261
1,1,0.18416606978043676,0.7664480952954085,0.04938583492415472
1,1,0.07010899727848521,0.9199378592411022,0.009953143480412624
1,1,0.043840257071757205,0.5628130035061675,0.3933467394220754
1,1,0.22927933047433124,0.6245238411486138,0.1461968283770549
1,1,0.06264773602073306,0.8792022489468896,0.058150015032377274
2,2,0.3398322998882171,0.06593235778450264,0.5942353423272803
1,1,0.24169367030110267,0.7379828275751791,0.020323502123718272
2,2,0.02800206581241687,0.09525895810688513,0.8767389760806981
1,1,0.020771852009890186,0.9612514238919815,0.017976724098128383
2,2,0.09604983140898544,0.15263016596772988,0.7513200026232847
1,0,0.453928701976566,0.3898088220545167,0.15626247596891743
1,1,0.08391320002666072,0.8692290255777431,0.04685777439559626
1,1,0.03483777459978566,0.8917774824224217,0.07338474297779254
0,0,0.7678624215701283,0.22543480807012015,0.006702770359751637
1,1,0.030406021289506896,0.9157335204343356,0.053860458276157444
1,1,0.09846172276408176,0.8666806118525711,0.03485766538334719
2,2,0.055799495240797345,0.22426615413483472,0.719934350624368
1,1,0.10965385877748433,0.6348780990796412,0.2554680421428745
2,2,0.003844005219347105,0.008379847420866515,0.9877761473597865
1,1,0.1720411075591188,0.8244756474974847,0.0034832449433964082
1,1,0.06667179398129272,0.9308622256561214,0.0024659803625858767
1,1,0.15057238352488544,0.43973578042132055,0.4096918360537941
0,1,0.19112876817988064,0.7754915486617928,0.033379683158326505
1,1,0.09441266871871691,0.6169008188158308,0.2886865124654523
1,1,0.0598968585920772,0.930411307761721,0.009691833646201999
1,1,0.06081848474921572,0.8977200319307328,0.04146148332005151
1,0,0.471685204112778,0.315631580755705,0.21268321513151703
1,1,0.1395076430903082,0.5747587305845443,0.2857336263251476
1,1,0.0528269844829955,0.876279182481934,0.07089383303507041
1,1,0.020220173526035647,0.9690236674833742,0.010756158990590082
1,1,0.4026054708975959,0.4485892940838931,0.14880523501851103
2,2,0.04970028368445495,0.3878938187252672,0.5624058975902779
1,1,0.028374191634260703,0.9436276837725032,0.027998124593236022
2,2,0.0007309909653483784,0.004243414051319997,0.9950255949833317
2,2,0.045264972543515344,0.06519135035108221,0.8895436771054024
1,1,0.0015379527872020071,0.998397945736384,6.410147641403336e-05
1,1,0.05901924538790597,0.9201366240344141,0.020844130577679976
1,1,0.15401545342187226,0.8211924914943436,0.024792055083784136
1,1,0.07300040623195203,0.9248430581969752,0.0021565355710727787
1,0,0.5757012855740455,0.3531790446436262,0.0711196697823282
1,1,0.0562476189547789,0.9222026762643117,0.021549704780909514
2,2,0.038493883772377044,0.07990376372404433,0.8816023525035787
2,2,0.09666746786170548,0.08198790951963739,0.821344622618657
1,0,0.45020932614224746,0.4253318057919993,0.12445886806575324
1,1,0.08696412789739012,0.8341254460756449,0.07891042602696516
1,1,0.3655523225929531,0.6078587929416405,0.026588884465406477
1,1,0.18995060749362733,0.8067882821628701,0.0032611103435025127
1,1,0.19704486727076484,0.7886476892106605,0.014307443518574546
1,1,0.034986609342447975,0.7079910146623111,0.25702237599524097
2,2,0.029415773994194174,0.06754268349715506,0.9030415425086508
1,1,0.027827770279558187,0.9497878850127315,0.022384344707710245
1,0,0.7438610199481274,0.10168102136361831,0.15445795868825415
1,1,0.1528991336132183,0.8443558190282928,0.0027450473584888944
1,1,0.14030418365846245,0.7867627522567128,0.07293306408482475
2,2,0.11639765344465747,0.20197449377418203,0.6816278527811606
1,1,0.1260227952819066,0.6895181855493474,0.18445901916874602
1,1,0.09005080534025926,0.891556468006999,0.018392726652741682
1,0,0.6125701278315265,0.17420984941857595,0.2132200227498975
0,1,0.06444170004706591,0.9314669634360245,0.004091336516909789
1,1,0.24013918139514445,0.531375598756835,0.2284852198480206
1,1,0.011379182783379264,0.979337366261346,0.009283450955274681
0,0,0.8464928757013522,0.11904420017254853,0.03446292412609931
1,1,0.16023263010708055,0.8295501463959105,0.010217223497008987
2,2,0.05595807048227514,0.2021647607197208,0.741877168798004
1,1,0.10165963103361612,0.8311293028318576,0.06721106613452633
1,2,0.23793806813957583,0.2778335065276273,0.484228425332797
1,1,0.04717718873356582,0.7760098565086228,0.17681295475781142
1,1,0.08674622915858911,0.7843115817306374,0.1289421891107734
1,1,0.07408192021169543,0.8497718414038237,0.07614623838448079
1,1,0.06958197985555561,0.8418526003508323,0.08856541979361204
1,1,0.0682570356607349,0.8956574887598397,0.036085475579425326
1,1,0.09154786240776364,0.8448880993913622,0.06356403820087422
1,0,0.7422348243504179,0.16044520982007185,0.09731996582951015
2,2,0.11249728013828228,0.10529970495925002,0.7822030149024677
0,0,0.59818031618034,0.3322135685865798,0.06960611523308025
1,1,0.03235087213865931,0.9294233624824783,0.03822576537886238
1,1,0.04597499680644301,0.9261701979408834,0.02785480525267363
0,0,0.7499838414163751,0.16089946653138013,0.08911669205224479
0,1,0.3435642570275655,0.4381882352747974,0.21824750769763718
2,2,0.03922825447645251,0.22829397210951616,0.7324777734140313
1,1,0.09553601297952978,0.8753006108222109,0.02916337619825921
1,1,0.04886453297478864,0.8793641440157489,0.07177132300946237
1,1,0.06607439538844351,0.8959581159123416,0.03796748869921493
1,1,0.09994452905668859,0.8760660876523726,0.023989383290938845
1,1,0.06922720695724234,0.8041441789888137,0.12662861405394396
2,1,0.07656414365034342,0.5982040736115798,0.3252317827380768
1,1,0.307002672329549,0.41251360275957105,0.28048372491088
1,1,0.07516145861625814,0.8892796968206257,0.0355588445631161
1,0,0.9415973423220306,0.045007778819977654,0.013394878857991737
1,2,0.20718502060904315,0.23495373865675975,0.5578612407341971
1,1,0.020362235788576936,0.9406032797306622,0.039034484480760884
1,1,0.27978591811699743,0.3618361890032014,0.3583778928798012
2,2,0.02291843721065461,0.1297926841273978,0.8472888786619476
1,1,0.04025074061367102,0.8602342984381443,0.09951496094818471
1,1,0.10053040369810445,0.8175024769572574,0.08196711934463832
2,2,0.19171369174884298,0.23748685272206121,0.5707994555290958
2,2,0.011062022767103009,0.02831252273580734,0.9606254544970897
1,1,0.14657698547782713,0.7372835393168111,0.1161394752053617
1,1,0.06916963003863663,0.857809482318518,0.07302088764284541
2,2,0.05291978930538654,0.18306909017252376,0.7640111205220897
1,1,0.07495587720511014,0.9155864070954006,0.009457715699489392
1,1,0.28748143718607627,0.6378913573417243,0.07462720547219942
1,1,0.04902461620708606,0.8987467741182793,0.052228609674634684
1,1,0.09189459401406729,0.7984334468031354,0.10967195918279724
1,2,0.09534007327253993,0.3692354144001791,0.535424512327281
1,0,0.7326274758341117,0.26460487748094635,0.0027676466849420205
1,1,0.013506142092735167,0.983881902700647,0.002611955206617859
1,0,0.6666691070670072,0.18870772897233573,0.14462316396065708
1,1,0.03164004247610574,0.9047899403318138,0.06357001719208058
1,1,0.02754784548307452,0.9449414757883932,0.02751067872853235
1,1,0.04974261762578721,0.7389132998772872,0.21134408249692554
0,1,0.11268883623136979,0.8199024772225557,0.06740868654607444
1,0,0.5534568858729382,0.42923161098183793,0.017311503145224026
1,1,0.3323131891478361,0.6635198418761143,0.004166968976049495
0,1,0.12311276935756499,0.8743221933579086,0.002565037284526227
1,1,0.4179853531537461,0.5243055883325165,0.057709058513737484
1,1,0.36294518395870057,0.42006557659049265,0.2169892394508067
1,1,0.0518669733069853,0.9412206841105903,0.006912342582424285
1,1,0.12679164160954354,0.7662939409402982,0.10691441745015832
2,2,0.0997369538639943,0.3132157122797076,0.5870473338562981
1,1,0.2087999291043478,0.5022288028016868,0.28897126809396534
1,2,0.14191038341636478,0.39239886918435307,0.4656907473992822
0,2,0.20880395912125901,0.09513018895281189,0.6960658519259291
1,1,0.0019159046812510683,0.998007032100228,7.706321852104049e-05
1,1,0.09377416237592144,0.877254071612312,0.02897176601176662
2,2,0.029696760934750464,0.042684298347019145,0.9276189407182304
2,2,0.25250061091139636,0.2864160076640261,0.46108338142457767
1,1,0.04486693010307474,0.9446854861608777,0.010447583736047662
1,1,0.10763360925466056,0.8243845358572375,0.06798185488810192
0,0,0.930650694433898,0.06613647408121576,0.0032128314848862637
0,1,0.271068180982789,0.6209930989989122,0.10793872001829885
1,1,0.14528350608608792,0.5409017891696171,0.31381470474429507
1,1,0.06758323430909459,0.8464959411215318,0.08592082456937361
1,1,0.1286843529918937,0.8660647603296486,0.005250886678457614
2,2,0.036695541885979684,0.008130144497325971,0.9551743136166942
1,1,0.027041181143028975,0.9621880674625962,0.010770751394374766
2,2,0.047276556459910433,0.0928378475730387,0.8598855959670508
1,1,0.03287574369405182,0.916968046263945,0.05015621004200313
1,2,0.30657752273988803,0.29914022190431766,0.39428225535579436
1,0,0.941441425005309,0.04757319099217513,0.010985384002515785
2,2,0.041461672870963494,0.06171223031453279,0.8968260968145036
1,1,0.08639824705163861,0.9031333076360963,0.010468445312264941
1,1,0.14500936929326935,0.7124195753073075,0.1425710553994232
1,1,0.11330537120477069,0.8510363697951331,0.035658259000096185
1,1,0.3195575674866769,0.6225993866962533,0.05784304581706978
2,2,0.08267381825567376,0.11430116481679557,0.8030250169275307
1,2,0.10629836244658201,0.3297995984393533,0.5639020391140647
2,2,0.0019061009102597174,0.0025707732689034223,0.9955231258208368
1,1,0.10904363002576728,0.8741827664051288,0.016773603569103845
1,2,0.048552957727878474,0.05526784997927406,0.8961791922928476
1,1,0.15555057847122378,0.5242871289696915,0.3201622925590847
1,1,0.023785837934791266,0.9553584190272886,0.020855743037920076
1,1,0.08599384772474895,0.8954070339435409,0.01859911833171021
2,0,0.5222349013892398,0.04945831957568119,0.42830677903507897
1,1,0.1227434665313342,0.8241875100018976,0.053069023466768166
1,1,0.07088560918065444,0.8934869489517115,0.03562744186763406
1,1,0.03796336949269468,0.9195416874640552,0.04249494304325013
1,1,0.13025879106213842,0.4754425520941485,0.394298656843713
2,2,0.05690896371155882,0.20794120290946078,0.7351498333789804
2,0,0.5266868287587514,0.16368891637133165,0.309624254869917
2,2,0.19115037049321298,0.042997601079878406,0.7658520284269087
1,1,1.3210715319531704e-05,0.9999867892353742,4.930633763208242e-11
2,0,0.6341308358857867,0.09486107285776374,0.2710080912564496
1,1,0.07028997070629268,0.9229385646163567,0.006771464677350517
0,0,0.7830220175245942,0.20577485618454364,0.011203126290862151
1,1,0.03935656521486007,0.7692065124282031,0.19143692235693677
2,2,0.03848154553831535,0.24988734803615006,0.7116311064255346
1,1,0.03733799859686773,0.8418670299154778,0.12079497148765449
2,2,0.05574459011151177,0.28381267714359854,0.6604427327448896
1,1,0.07608974276584443,0.8418823471895769,0.08202791004457863
1,1,0.1018215264033591,0.7762268092851178,0.12195166431152304
2,2,0.1411679426577855,0.12069432383354653,0.7381377335086681
1,1,0.0764300226774585,0.8960362354766579,0.027533741845883405
1,1,0.17810200993225192,0.650203700934311,0.17169428913343698
2,2,0.235366685825696,0.12827496212488554,0.6363583520494185
1,1,0.03242967950317081,0.9526828401904534,0.014887480306375865
2,2,0.012484210420740454,0.08733506633513398,0.9001807232441256
0,1,0.07765780540469963,0.8447184703579381,0.07762372423736229
1,2,0.025838538952281814,0.07466281292621442,0.8994986481215038
1,1,0.15351909693743848,0.7949189986055641,0.05156190445699751
1,1,0.06143096622163194,0.6755377149101264,0.26303131886824166
1,1,0.2570087182526406,0.5826266829994475,0.16036459874791179
1,1,0.10002753333526032,0.8296409583878226,0.07033150827691716
1,1,0.09132926636052596,0.45735837835593035,0.4513123552835438
1,1,0.14459977155234072,0.6885267489708999,0.16687347947675918
1,1,0.031228292068526436,0.9186759412857634,0.050095766645710395
1,1,0.06872983797315306,0.8774963354816375,0.05377382654520944
1,1,0.19474910914137733,0.5858160133226545,0.2194348775359681
1,0,0.7526745072095288,0.18833793874929086,0.05898755404118039
2,2,0.14763084827902398,0.21058129377317442,0.6417878579478016
1,1,0.31339623297111413,0.4065101717541343,0.2800935952747516
1,1,0.1255824769671068,0.8712396724063846,0.003177850626508611
1,1,0.03887992850338347,0.9499141272883809,0.011205944208235641
1,1,0.11540697560740813,0.7562355431387289,0.12835748125386306
1,1,0.13101803672351084,0.7458715248156411,0.12311043846084807
1,1,0.08689530848405583,0.8551178736302606,0.05798681788568376
1,1,0.03162098052449966,0.9305883155780461,0.037790703897454224
1,1,0.0525392329391312,0.925724831417398,0.021735935643470622
1,1,0.15983831698480663,0.7062415749578612,0.13392010805733215
1,1,0.018781430059499338,0.9424059456813371,0.03881262425916345
1,1,0.4060938661817801,0.5752424415866603,0.018663692231559583
1,1,0.1231729861418904,0.8495092919547288,0.027317721903380894
1,1,0.3285556108668061,0.6687259762658518,0.0027184128673419473
1,1,0.06962193428942681,0.6344102014546399,0.2959678642559334
0,0,0.9076406802377148,0.07903916604281117,0.013320153719474086
1,1,0.06044510158694291,0.8322746662413065,0.10728023217175044
2,2,0.367535964364999,0.19747048749497184,0.43499354814002916
1,1,0.10772102586724633,0.7158786788389252,0.17640029529382859
1,2,0.02770204244227761,0.10212849591286989,0.8701694616448525
1,1,0.06967121837008287,0.7904145798898966,0.13991420174002064
1,1,0.11298254565959902,0.6786970412994364,0.20832041304096444
1,1,0.029205425048429084,0.9599727254778311,0.010821849473739932
1,2,0.1641274291419327,0.33354425540865457,0.5023283154494128
2,2,0.01992386896586227,0.09121224313003853,0.8888638879040991
2,2,0.002383237508792669,0.01851156342998708,0.9791051990612203
2,2,0.13168928766498256,0.27074410281871,0.5975666095163076
1,1,0.028917284998388283,0.9449732341026938,0.0261094808989179
1,1,0.107910678913197,0.6434942914372159,0.24859502964958696
1,1,0.01507296620342001,0.9785617594126604,0.006365274383919578
1,1,1.3210715319531704e-05,0.9999867892353742,4.930633763208242e-11
1,1,0.34082074051760586,0.6441700288375597,0.015009230644834467
1,1,0.08557335479579839,0.8492378328599786,0.06518881234422312
2,2,0.02654294011611758,0.047451747685496794,0.9260053121983857
2,2,0.01465119338134292,0.051878018882052415,0.9334707877366047
1,1,0.20533680300185395,0.6567969052205023,0.13786629177764378
1,1,0.2499592868173477,0.7170617117360436,0.032979001446608716
1,1,0.09252726898426679,0.8666734989326897,0.04079923208304342
1,0,0.5649788690532358,0.2383183411963718,0.19670278975039235
1,1,0.07142450362677137,0.8317284162157288,0.09684708015749992
1,1,0.0346879855667894,0.9306352187982654,0.03467679563494519
1,0,0.6751492023547624,0.3239880255041565,0.0008627721410810116
2,1,0.16462774589844692,0.48732567495208756,0.3480465791494656
1,1,0.08347367612206691,0.8976472259129371,0.01887909796499596
1,1,0.10780894840178543,0.8053187120373366,0.08687233956087795
2,2,0.17381746089690395,0.23316421439485263,0.5930183247082433
1,1,0.052134455470584325,0.9207143953976162,0.02715114913179962
1,1,0.20359168360886487,0.6616763635092676,0.13473195288186762
1,1,0.13739387573245387,0.8022218025406406,0.0603843217269056
2,2,0.12955976179362216,0.2620491393595314,0.6083910988468464
2,2,0.07920560513680691,0.07298776951868796,0.8478066253445051
2,2,0.01448742436946629,0.06204224699861695,0.9234703286319167
1,1,0.08759568517747365,0.8504771493304677,0.061927165492058706
0,0,0.795461462916799,0.08362721328678363,0.12091132379641739
1,1,0.09558319873772744,0.8825899159434948,0.021826885318777953
2,2,0.017101593778322533,0.06679009987057968,0.9161083063510979
1,1,0.00546359734375614,0.994149678858333,0.000386723797910684
1,1,0.10670310591118584,0.8594135245706139,0.03388336951820033
1,1,0.1968755596429911,0.776660231177014,0.026464209179994848
1,2,0.030795921686090928,0.21360985821460518,0.7555942200993039
2,2,0.02116675224310274,0.04545087048301306,0.9333823772738843
0,0,0.7133884681049483,0.21764177870878557,0.06896975318626623
1,1,0.1677623914510597,0.5526431460371395,0.27959446251180087
1,2,0.2509060829176832,0.3450872345631821,0.4040066825191348
2,2,0.11279752147681756,0.05078399740792714,0.8364184811152553
2,2,0.056072739168890835,0.11968625475006016,0.824241006081049
2,2,0.028582054319816787,0.15897141833978395,0.8124465273403992
1,1,0.04252200956538924,0.9192061260493877,0.0382718643852231
2,2,0.007651221519747081,0.005105562588514474,0.9872432158917386
1,1,0.019323379373242595,0.8129987549630888,0.16767786566366852
2,2,0.13099522277525702,0.18973648453594721,0.6792682926887957
1,1,0.10277749326507127,0.7217933976761076,0.17542910905882103
1,2,0.08616345846350347,0.2532031674835701,0.6606333740529264
1,1,0.10705962166076176,0.7260009086297091,0.16693946970952905
1,1,0.03458947444953075,0.9052676767959942,0.060142848754475044
1,1,0.32902898006926895,0.48883110251980816,0.18213991741092292
1,0,0.8752153193360087,0.07150373471249284,0.053280945951498494
1,1,0.3241101637776723,0.6365360579922628,0.03935377823006503
2,2,0.20895978506823512,0.2343716533581099,0.556668561573655
2,2,0.14862216301051087,0.17292481505877885,0.6784530219307103
2,2,0.12485268756502109,0.16268356232683195,0.7124637501081469
1,1,0.1916725545634319,0.7966235401973317,0.011703905239236327
1,0,0.7994226036169589,0.19994890054095552,0.0006284958420855997
1,1,0.05816801676485538,0.9112916127174421,0.030540370517702593
1,1,0.03550378161811562,0.903009295572101,0.06148692280978333
1,1,0.10118996726815918,0.887448764926194,0.011361267805646702
1,1,0.11247775881300702,0.837526090218532,0.049996150968461106
1,1,1.3210715319531704e-05,0.9999867892353742,4.930633763208242e-11
1,1,0.41745700856277496,0.47586291432942013,0.10668007710780503
1,1,0.07708427559454283,0.7984361402233857,0.12447958418207139
1,1,0.019319261330147615,0.9789762579314505,0.0017044807384017954
0,0,0.7938775452661794,0.12824226341121037,0.07788019132261013
1,1,0.10505044412719834,0.8561196843028746,0.03882987156992723
1,2,0.14629489573448437,0.24944437541400066,0.6042607288515149
2,2,0.11158100379279311,0.15276515980567804,0.7356538364015288
2,2,0.02917643094337098,0.05223217413930207,0.918591394917327
1,1,0.03400975099164348,0.9457802588433507,0.02020999016500577
1,1,0.045033951074989455,0.8436363378972667,0.11132971102774389
1,1,0.1839495213890505,0.8012714606963498,0.014779017914599697
1,1,0.17738430007850595,0.7643993311229227,0.058216368798571276
1,1,0.15309852732626142,0.8145020350865331,0.03239943758720542
1,1,0.46081910694347805,0.5248451861670475,0.014335706889474421
1,0,0.9759558090303723,0.023719495787674853,0.00032469518195299565
2,2,0.1311846689696081,0.15230354661886808,0.7165117844115237
2,2,0.0914559418284018,0.24541144588356792,0.6631326122880302
1,1,0.4537319785821709,0.5402375304883771,0.006030490929452117
1,1,0.015158208922844798,0.9839278106988615,0.0009139803782935996
2,2,0.047393364640428315,0.14082207514175923,0.8117845602178124
1,1,0.1908609471295613,0.7224749448468692,0.08666410802356936
1,1,0.004233210859160464,0.9851412881896502,0.010625500951189368
1,1,0.21130324897825686,0.7051084339845494,0.08358831703719379
2,2,0.07346743571729507,0.12695804336675828,0.7995745209159466
1,1,0.20988660594047065,0.7464966589043099,0.04361673515521945
1,1,0.07932413857091755,0.9007231949182966,0.019952666510785828
1,1,0.011224065606745584,0.9864788789756359,0.0022970554176185054
2,2,0.013155812484293924,0.03145543033837075,0.9553887571773353
1,2,0.1263755609231441,0.23052536730811493,0.643099071768741
1,1,0.09383606345174135,0.8630096175193116,0.04315431902894706
1,2,0.12405611882706331,0.11743565087937019,0.7585082302935664
1,1,0.015149396524251596,0.9779732002769479,0.006877403198800516
1,1,0.08174308985484882,0.8956710961757739,0.022585813969377148
1,1,0.4210390939047963,0.49251570331732636,0.08644520277787737
1,1,0.05330169450148933,0.7850082273700782,0.16169007812843236
1,0,0.4847689508128747,0.35884102680597146,0.1563900223811538
1,0,0.7751486985869417,0.1788399401528264,0.046011361260231934
0,0,0.5208600079253821,0.19932837251712446,0.27981161955749345
1,1,0.11664257336297773,0.7200598793602202,0.1632975472768021
1,1,0.07954681927563666,0.8588379879707088,0.06161519275365451
1,1,0.12723033297629388,0.7975242843863699,0.07524538263733616
1,1,0.08282284128258094,0.8531064953084206,0.06407066340899856
1,1,0.029354677890618762,0.9237852420435445,0.046860080065836765
1,1,0.0405588886006303,0.8558277674551067,0.1036133439442631
2,2,0.19042928327794198,0.30619469034844166,0.5033760263736163
0,1,0.1378190760443357,0.6285787596743888,0.2336021642812754
1,1,0.08130132870922674,0.8496070306410526,0.06909164064972065
1,1,0.16255384735040163,0.806471689160823,0.03097446348877535
1,1,0.054222122942243475,0.8450508334831285,0.10072704357462813
2,2,0.009497804681376188,0.01068550955732128,0.9798166857613027
1,1,0.36489150353488276,0.6123616523679981,0.022746844097119166
1,1,0.05730628165644049,0.9311480882386602,0.011545630104899144
1,1,0.08185020721754045,0.6216555881574357,0.2964942046250238
1,1,0.021185049717852,0.9679817087754566,0.010833241506691403
1,1,0.04822981936953232,0.8302628276086049,0.1215073530218627
1,2,0.1402701601715556,0.19671225316184504,0.6630175866665994
1,1,0.1200462486690015,0.8015665568861337,0.078387194444865
1,1,0.33151052680254867,0.5688747058012176,0.09961476739623382
1,1,0.24449446898112867,0.490188984879123,0.26531654613974825
1,1,0.29915046588970384,0.6226701247601958,0.07817940935010038
1,1,0.037120081271532386,0.9427775743304282,0.020102344398039443
1,1,0.025228263690142513,0.9542123120172051,0.02055942429265235
1,1,0.018948890642511543,0.951843777960756,0.02920733139673237
2,2,0.021793210074156227,0.06563615352181564,0.9125706364040281
1,1,0.026508109014720612,0.9623300965603871,0.011161794424892176
1,1,0.2471280627958265,0.7055650873120233,0.04730684989215014
1,1,0.08455761902421195,0.7313406144274311,0.18410176654835672
1,1,0.47833126264458903,0.5154588095629122,0.006209927792498756
1,1,0.10697855588182777,0.8533863126580721,0.03963513146010029
1,0,0.5095659721265239,0.4583663821939908,0.03206764567948537
1,0,0.5796960313195778,0.23461974572365152,0.18568422295677073
0,0,0.8234305722911475,0.14278910698647335,0.03378032072237937
1,1,0.11211640288212436,0.7823323819466398,0.10555121517123593
1,1,0.07123566769412779,0.8402886616352953,0.08847567067057693
1,1,0.11668358742642093,0.7306732334393571,0.15264317913422196
2,2,0.22497334299374486,0.32027927898773667,0.45474737801851856
1,1,0.10152822693316449,0.8646388780546608,0.03383289501217468
1,1,0.06484429326458291,0.8980079935110357,0.03714771322438155
1,1,0.04296263136957203,0.9018724526068324,0.05516491602359558
1,1,0.13496302035903476,0.7867080625202814,0.07832891712068374
1,1,0.22200994314701447,0.7663857570904596,0.0116042997625258
1,1,0.4098552311141517,0.4639281790105304,0.12621658987531797
0,1,0.25832549394895565,0.7243360692466293,0.017338436804415
1,1,0.030724100585061247,0.9580301624798696,0.011245736935069146
1,1,0.11049804521683974,0.8442153027544562,0.04528665202870401
1,1,0.11543865108997434,0.5873539324078163,0.2972074165022092
1,1,0.10965497022728382,0.8886760250677163,0.0016690047049997912
1,0,0.8999346126145978,0.08902233147084032,0.011043055914561953
2,2,0.0606419611688508,0.17233696797157677,0.7670210708595724
1,1,0.12161629019894096,0.7842850330059853,0.0940986767950738
1,1,0.3164361696411012,0.6642169109869306,0.01934691937196828
1,1,0.10147263854999271,0.8447592178658727,0.05376814358413461
1,1,0.0886024816733774,0.7464650761125725,0.16493244221405012
1,1,0.1569265207133447,0.752743966665568,0.09032951262108725
1,1,0.063309122704282,0.9071789900954403,0.029511887200277725
1,2,0.4274153318088911,0.14492338445034975,0.4276612837407591
2,2,0.10396950045201239,0.18200884061627245,0.7140216589317152
1,1,0.17109503540449725,0.7197464847546471,0.10915847984085562
1,1,0.17749016048252947,0.7272694247799656,0.09524041473750489
1,1,0.21723923437644463,0.7306560989885844,0.05210466663497095
1,1,0.025085736262660023,0.9734883977119707,0.0014258660253691192
1,1,0.24878284836209147,0.7320032007882765,0.019213950849631997
1,1,0.11819513883059288,0.6849414084194639,0.19686345274994327
2,2,0.025593371350858762,0.05113390995112398,0.9232727186980172
1,1,0.37809279828620956,0.619811341348858,0.0020958603649324364
1,1,0.0917924758957826,0.9043605357188629,0.0038469883853545234
1,1,0.08872648855782235,0.6165745141594394,0.2946989972827383
1,1,0.05371968914659502,0.9138409873529065,0.03243932350049838
1,1,0.0005713209406819585,0.9992746898583866,0.00015398920093146208
1,1,0.18629266521202112,0.6654058264676975,0.14830150832028144
1,1,0.05926961054076267,0.8796420282089,0.0610883612503373
1,1,0.04093315716814558,0.6723157547316584,0.286751088100196
1,1,0.08894330758365214,0.7759712957293345,0.1350853966870133
2,2,0.08462766992911851,0.05628289622897434,0.8590894338419071
1,1,0.19681509762132587,0.773867629750626,0.029317272628048247
2,2,0.016796530928984466,0.035684571589966595,0.9475188974810489
1,1,0.11117427611544807,0.7658854562740053,0.1229402676105466
2,2,0.013314972985612605,0.012115513260723111,0.9745695137536643
1,1,0.3086629564415607,0.5187271359723388,0.17260990758610065
1,1,0.1982075501675488,0.703319865639721,0.09847258419273001
1,1,0.11212274447941374,0.8543158538681022,0.03356140165248419
2,2,0.02247431206405128,0.027436764100308497,0.9500889238356403
1,1,0.02878005559201454,0.9694300523754711,0.001789892032514447
1,1,0.02096599740173341,0.9496714379709885,0.029362564627278143
1,0,0.7077101591461007,0.276124126727045,0.016165714126854126
1,1,0.07015931695850933,0.9013709163525335,0.028469766688957128
1,1,0.23751186173574515,0.7224626128324361,0.04002552543181879
1,1,0.02106545495673962,0.9756138922867802,0.0033206527564802776
2,2,0.04831806128862212,0.053582273250778883,0.8980996654605989
2,2,0.027089861180073872,0.1286105728924101,0.844299565927516
1,1,0.09116627834805655,0.9035571615701125,0.005276560081831059
1,1,0.1667039576759315,0.7902465673503442,0.043049474973724314
1,1,0.03907510358748291,0.7696090845996312,0.1913158118128859
1,1,0.16869980171990706,0.79627765380708,0.035022544473012826
1,1,0.18170720271957297,0.7126833764448927,0.10560942083553443
1,0,0.5796827818706788,0.3952873374188271,0.025029880710493956
1,1,0.043270964420749666,0.9085304482696136,0.04819858730963668
1,1,0.086814636090771,0.8673636927162768,0.04582167119295227
1,1,0.13149512732677845,0.8425336559045458,0.02597121676867589
2,2,0.006179186328641978,0.008317830075287266,0.9855029835960707
2,2,0.19032152290638213,0.2674141986135055,0.5422642784801125
2,2,0.09585888421833574,0.18647170732274843,0.7176694084589159
1,1,0.08857991687355125,0.8655651273160677,0.04585495581038106
2,2,0.021239750724887502,0.14786727907964922,0.8308929701954633
2,2,0.07661996256567909,0.12597976003717956,0.7974002773971414
1,1,0.16679458342468517,0.8034067727941833,0.02979864378113164
1,1,0.0751871567751787,0.8792136565201851,0.04559918670463602
1,1,0.28033454965305726,0.6370360336066963,0.08262941674024643
1,0,0.8581795094189434,0.09487479934761728,0.04694569123343931
1,1,0.018111086387217364,0.9795781077886334,0.002310805824149082
1,1,0.10087319197610817,0.849182539831104,0.04994426819278784
0,1,0.026577219875546947,0.9658657677577951,0.0075570123666580296
2,2,0.12601943411508604,0.19252664068819028,0.6814539251967237
1,1,0.04548465285833832,0.8201658921349546,0.13434945500670709
1,1,0.07803034589152087,0.6897957117755509,0.23217394233292835
1,1,0.06986313833335034,0.7847567112776173,0.14538015038903238
2,2,0.042899883533477214,0.0101589262198112,0.9469411902467116
2,2,0.05061876208765606,0.47224534738104024,0.4771358905313036
2,2,0.06986910264947203,0.11547863510662673,0.8146522622439013
1,1,0.47011604724004985,0.5146968930493814,0.015187059710568775
1,1,0.2571881977068682,0.4797628053119184,0.26304899698121353
2,2,0.08396211305197487,0.07665282711330744,0.8393850598347178
1,1,0.059345596119099425,0.8245578222610672,0.11609658161983341
1,0,0.4036015938283586,0.21747362230819836,0.37892478386344314
1,1,0.026399489602190795,0.9702152503685892,0.003385260029219853
1,1,0.1196124505305829,0.719304896246755,0.16108265322266205
2,2,0.05153723909926203,0.06556533004542317,0.8828974308553147
2,2,0.0682848130443785,0.1637928026899352,0.7679223842656864
1,1,0.13807102124405174,0.8159428779074397,0.04598610084850842
1,1,0.15692215391369277,0.6848211729012996,0.15825667318500752
2,2,0.1508003408841357,0.08871761455087418,0.7604820445649901
1,1,0.05457658670861428,0.6298676157796343,0.31555579751175133
1,1,0.05841107878984049,0.7827480225118653,0.1588408986982942
1,1,0.08455959921380614,0.8658396409627344,0.049600759823459586
1,1,0.09679178265506988,0.893887077330119,0.009321140014811245
1,1,0.09161361990408715,0.889312883323975,0.019073496771937926
1,1,0.11307528720363591,0.8776780092274703,0.009246703568893922
1,1,0.14471801269325082,0.7146422197528391,0.14063976755391003
1,1,0.0925889414093368,0.6885170100304538,0.2188940485602094
1,1,0.037053955642435736,0.8920919709499286,0.07085407340763562
1,1,0.0001619880901957282,0.9998368058088577,1.2061009466757968e-06
1,1,0.1714465466351192,0.7641011006668192,0.0644523526980615
1,1,0.05664533069851272,0.6962027032970227,0.24715196600446435
1,1,0.1315853779489719,0.8195902013110202,0.04882442074000778
1,1,0.16247687409358771,0.7406881315184611,0.09683499438795112
0,1,0.13469994939416055,0.8048908427170711,0.06040920788876823
1,1,0.08247139797213292,0.8819515928058201,0.03557700922204681
1,2,0.13953765059441145,0.31410130952608356,0.546361039879505
1,1,0.029163866240580098,0.9397933109388101,0.031042822820609838
0,1,0.12694535645209046,0.8493530675859403,0.023701575961969097
1,1,0.10695755937171936,0.8401333482274499,0.052909092400830686
2,2,0.010241853612394169,0.023623132457912324,0.9661350139296935
1,1,0.3751581879908111,0.5275049738770478,0.09733683813214127
1,1,0.0047807547487424855,0.9947577424271931,0.00046150282406438615
1,2,0.1387589139054319,0.2869062893291242,0.574334796765444
2,2,0.02106075802765263,0.09316925130327638,0.8857699906690709
1,1,0.07439398516184086,0.6656592836398412,0.25994673119831796
1,1,0.10525919427183154,0.5957788079586338,0.29896199776953475
1,1,0.2354797180431118,0.4854239917665905,0.2790962901902976
1,1,0.09709998224019885,0.880484118009241,0.022415899750560127
1,1,0.0642456177389321,0.9268752929322319,0.008879089328836055
1,1,0.011663766965507263,0.9822075809612478,0.006128652073244912
1,1,0.12464234720951482,0.8716224042802367,0.0037352485102484082
1,1,0.07847745542859628,0.9186068577406113,0.0029156868307924385
1,2,0.04587632027288369,0.3471765959273589,0.6069470837997575
2,2,0.014912667531455195,0.029036656443513588,0.9560506760250311
1,1,0.10801897552375425,0.4805396336079514,0.4114413908682943
2,2,0.3068199661536033,0.2751638618282198,0.418016172018177
1,1,0.4412734953780216,0.5478382320555508,0.010888272566427475
1,1,0.03348766625686432,0.9022240417740055,0.06428829196913034
1,0,0.5100957585151146,0.22602769243784387,0.26387654904704155
1,1,0.0803211397330984,0.8767438494746485,0.04293501079225316
1,1,0.09226917707537845,0.7667131679734615,0.14101765495116014
2,0,0.5449075066677992,0.13465498612962584,0.3204375072025749
1,1,0.29133143054722627,0.6712150513021218,0.03745351815065182
1,1,0.06337545427397363,0.8669341235578465,0.06969042216817997
1,1,0.09204953206062214,0.6892234997248522,0.21872696821452559
1,2,0.19311676175963094,0.15410350726549604,0.6527797309748732
1,1,0.04362204336132611,0.876033946787127,0.08034400985154674
1,1,0.04779895022917979,0.9339046445779152,0.01829640519290487
1,1,0.026369386956643065,0.9702624893532085,0.0033681236901485024
1,1,0.043487270268016784,0.939962913363219,0.016549816368764146
1,1,0.05052575649433785,0.9187176068441806,0.030756636661481592
2,2,0.011233677739742116,0.05103140011225752,0.9377349221480002
2,2,0.021194242884882104,0.049227257652180265,0.9295784994629377
1,1,0.07122242992803239,0.9156286399210201,0.013148930150947397
0,2,0.36406018639823196,0.1878203937123891,0.448119419889379
1,1,0.12219373316487826,0.8250726756339005,0.05273359120122125
1,1,0.06909209302224624,0.8393098141254669,0.09159809285228672
1,1,0.041186104170468266,0.9471585672518177,0.011655328577713947
1,1,0.38240946008357507,0.5949420455487209,0.022648494367704046
1,1,0.02903667285931141,0.9155198975718042,0.05544342956888446
2,2,0.03294592716527175,0.12257909613025353,0.8444749767044748
2,2,0.060187111389656586,0.09928200241310368,0.8405308861972397
1,1,0.25854380756263057,0.689199351999929,0.0522568404374404
1,1,0.19324762625205905,0.7963702717073807,0.010382102040560157
1,1,0.05407344166402153,0.9148069495316735,0.031119608804305084
1,1,0.044665758544353534,0.9266924807391402,0.028641760716506245
2,2,0.009572298069851453,0.01386358326016839,0.97656411866998
2,2,0.13226474628243065,0.12195166479832406,0.7457835889192452
2,2,0.002321077606697615,0.011369216659484097,0.9863097057338184
1,0,0.7315053633542623,0.25582479415527065,0.01266984249046695
1,1,0.039487047511327575,0.8111344380045914,0.14937851448408102
1,1,1.3210715319531704e-05,0.9999867892353742,4.930633763208242e-11
1,1,0.11261851268114782,0.8581623845735475,0.029219102745304478
1,1,0.23025647340721495,0.5281263456470952,0.24161718094568982
1,2,0.06452757185437187,0.024691645974797814,0.9107807821708304
2,2,0.054725151104125805,0.06352482589263164,0.8817500230032426
2,2,0.077413439300812,0.151595536482518,0.7709910242166701
1,1,0.08681880129545065,0.8713391076801568,0.0418420910243926
1,1,0.10802656208771012,0.7617410347648677,0.1302324031474222
0,0,0.8943681865196872,0.07825514121593027,0.027376672264382475
2,2,0.06615337389742564,0.06941084670688634,0.8644357793956879
1,1,0.15370837820444722,0.827009979855844,0.019281641939708886
1,1,0.09103759506265931,0.7549007270760806,0.15406167786126027
0,1,0.1079397669145128,0.8844117969457768,0.0076484361397106855
1,1,0.049375227298953835,0.9290373433214688,0.0215874293795773
1,1,0.24342331830254,0.4676393571796891,0.28893732451777104
2,2,0.02614663642056669,0.022777362192810603,0.9510760013866226
1,1,0.08280827843463716,0.8888758633024256,0.028315858262937126
2,2,0.08269594771217233,0.20439136150195555,0.7129126907858722
1,1,0.16979439734338195,0.6984864473959235,0.13171915526069466
1,1,0.08160086219068084,0.8663416308534899,0.052057506955829225
1,1,0.03290697836347867,0.9448673479365398,0.022225673699981446
1,1,0.03070309774716662,0.9403944065566322,0.028902495696201225
1,1,0.08999294392572862,0.7854181993711467,0.12458885670312471
1,1,0.03535338113311551,0.8612117723385377,0.10343484652834672
1,0,0.5147878983632866,0.3979702398490766,0.08724186178763672
0,1,0.2931828619790448,0.4817297758367798,0.2250873621841755
0,2,0.31749727702949443,0.25459439192882816,0.4279083310416774
1,1,0.019338414930842207,0.9533792068818168,0.027282378187341173
1,1,0.0001619880901957282,0.9998368058088577,1.2061009466757968e-06
2,2,0.022233116723407498,0.06564137100898049,0.912125512267612
1,1,0.096087095758006,0.8685504764276415,0.03536242781435267
1,1,0.42393691568056124,0.5488140333602015,0.027249050959237263
1,1,0.18371188506774416,0.5987330189118723,0.2175550960203836
0,0,0.9051586045287416,0.031156682731454655,0.06368471273980386
1,1,0.0008652487563437192,0.999133577743093,1.1735005633291459e-06
1,1,0.16757283908829157,0.48024502078508763,0.3521821401266207
2,2,0.06401314745570398,0.17417603018331035,0.7618108223609856
0,0,0.6527194363487437,0.16328948859708392,0.18399107505417236
1,1,0.15586114399148704,0.8060366123093282,0.038102243699184746
0,1,0.16894705253464296,0.8028566505627207,0.028196296902636354
1,1,0.02369253318819722,0.9746153214430024,0.0016921453688004836
1,1,0.14408604733642455,0.8153319007957279,0.040582051867847475
1,1,0.0931597035365614,0.8864281524766378,0.02041214398680093
1,1,0.0911827674288523,0.8693433114479939,0.0394739211231539
1,1,0.07984006806260167,0.7990878573427573,0.12107207459464094
1,1,0.04596228676346894,0.9482979248938742,0.00573978834265696
1,1,0.21537390657967018,0.7487676285285584,0.03585846489177138
1,1,0.3294393669853441,0.4795308787829107,0.19102975423174529
0,1,0.08264756256407098,0.9129072500049505,0.004445187430978374
1,1,0.11648449313946745,0.8594268036099394,0.024088703250593205
1,1,0.022630140736121962,0.9634710590139524,0.013898800249925791
2,2,0.014404964672185779,0.026143056536131127,0.959451978791683
1,1,0.0018458024659506855,0.9981243031383986,2.9894395650779018e-05
1,0,0.5091379626047009,0.4118951563961019,0.07896688099919712
1,1,0.06001101347414303,0.8386486233658528,0.10134036316000403
1,1,0.1605083914193218,0.7250847378441173,0.11440687073656086
1,1,0.24360555165493583,0.6799030940827336,0.07649135426233049
1,1,0.03771263718281039,0.903276194448161,0.05901116836902865
1,1,0.021388569245433146,0.9708387249517269,0.007772705802840034
2,2,0.012517992915439485,0.04193906722566504,0.9455429398588954
1,1,0.04297922059776725,0.9517227488403135,0.005298030561919088
1,1,0.14143822440948423,0.7857133197188689,0.07284845587164684
1,1,0.06216488128548985,0.8660426365728925,0.07179248214161772
1,1,0.14582062073551094,0.704697983845788,0.14948139541870112
2,2,0.1221672163391911,0.1645134297380679,0.713319353922741
1,1,0.12828370633041788,0.8662148246328372,0.0055014690367448495
1,1,0.05105529523024361,0.9042303465980637,0.04471435817169273
1,1,0.08240743923668695,0.8167230077228812,0.10086955304043181
1,1,0.04872736595003914,0.8811021331884279,0.07017050086153301
1,1,0.07248426910892145,0.7675945116962289,0.15992121919484967
1,1,0.08031022270145023,0.8285398809047578,0.09114989639379202
1,1,0.00809591591166518,0.9905699872523186,0.0013340968360163173
1,1,0.08829306032618262,0.895377698109196,0.01632924156462126
1,1,0.11657453492941233,0.8731732752577686,0.010252189812819073
2,2,0.10242425135138937,0.24630004241927939,0.6512757062293312
1,1,0.017306991061176173,0.9722925104197793,0.010400498519044633
1,1,0.13210922613031842,0.7174539006060199,0.1504368732636618
1,1,0.0604760112649953,0.9055848383298719,0.0339391504051328
1,1,0.10665461131709214,0.8840177760242021,0.00932761265870578
2,2,0.025999621156958714,0.0400273987161764,0.9339729801268648
2,2,0.09806788571189545,0.15333955913248104,0.7485925551556235
1,1,0.10840972799817954,0.8393601713973057,0.05223010060451495
1,1,0.11531673610497217,0.8358274355979486,0.04885582829707923
2,2,0.04168261599440788,0.07275283085066059,0.8855645531549314
0,2,0.2702460318517256,0.2736976348130481,0.4560563333352264
1,1,0.12834574637668553,0.8518348887443411,0.019819364878973324
1,1,0.10725227323776819,0.8455559667421946,0.04719176002003719
2,2,0.033032727423915505,0.0450982845659912,0.9218689880100932
1,1,0.07469625589198153,0.9200848014549966,0.005218942653021839
1,0,0.3845880994476843,0.2810673878866997,0.3343445126656159
2,2,0.0819310666477224,0.06224121049409918,0.8558277228581784
0,1,0.11933986072000516,0.773643603475663,0.10701653580433187
1,1,0.23003269817512204,0.41826281758903927,0.3517044842358387
1,1,0.04091721275324334,0.8539723287401815,0.10511045850657522
0,0,0.7899062222184019,0.20599227055750144,0.004101507224096742
2,2,0.2178042130166091,0.23730697593152628,0.5448888110518646
1,1,0.11850667424712033,0.513704417822822,0.36778890793005764
0,0,0.8929878437802907,0.10220660819552038,0.0048055480241889215
1,1,0.05008615833931387,0.7505047154559543,0.19940912620473178
1,1,0.07320802219725757,0.7893468502420948,0.13744512756064756
2,1,0.1337797556402226,0.43717837138612387,0.42904187297365354
1,1,0.07627952476031921,0.8608617589391763,0.06285871630050449
2,2,0.06335545086997639,0.055884892613479877,0.8807596565165438
1,1,0.04283947154194178,0.9099467828232822,0.04721374563477587
1,1,0.07223851875409938,0.6475039459702485,0.2802575352756521
1,1,0.07808890769147533,0.86210254359775,0.059808548710774546
1,1,0.3716388071515548,0.4419728165858216,0.18638837626262358
1,1,0.27225633610205635,0.6376054333488521,0.09013823054909148
1,1,0.019421209989331636,0.9318311775493735,0.0487476124612949
1,0,0.5520661554906797,0.3530111053966696,0.09492273911265069
1,1,0.02553149000772229,0.967790644746324,0.006677865245953498
1,1,0.26809149145244476,0.7134149903960866,0.018493518151468522
1,1,0.3662960898235303,0.6258305986992745,0.007873311477195137
1,1,0.06683683522834973,0.9009301083120697,0.032233056459580585
0,1,0.3137741552050404,0.6289354568957659,0.057290387899193586
1,1,0.04976392217047676,0.9170650400585214,0.033171037771001874
1,1,0.15987999318180013,0.8245191630310482,0.015600843787151547
1,1,0.2542314114385307,0.4287054754098062,0.3170631131516631
2,2,0.05782280571693579,0.193515269441054,0.7486619248420102
2,2,0.004088209755169276,0.012283933488707642,0.9836278567561232
2,2,0.026631549233442523,0.08997187712749738,0.8833965736390601
2,2,0.07256173971080092,0.05555214825192691,0.8718861120372721
1,1,0.09354551027164233,0.7983846994806028,0.10806979024775479
1,1,0.04216177856139342,0.8946694512018862,0.06316877023672042
2,2,0.08018266516866375,0.1109287183175762,0.8088886165137601
2,2,0.05294716556659268,0.06352930866240054,0.8835235257710069
1,1,0.06821872202457052,0.9283574810240836,0.0034237969513457927
2,2,0.39188146386253436,0.06302983429954229,0.5450887018379234
2,2,0.09988644476894733,0.10957974747140166,0.7905338077596509
1,1,0.1839726233333485,0.6504599682903814,0.1655674083762701
1,1,0.0688176503461925,0.9018296784000075,0.029352671253800092
0,1,0.24715721275291375,0.5779760513204005,0.17486673592668572
1,1,0.1147082991846316,0.8652377593026258,0.020053941512742476
1,1,0.04822033377048073,0.91491107056766,0.03686859566185938
0,1,0.1671001284434599,0.8213441045437002,0.011555767012839939
2,2,0.01949504831873039,0.06782558966391299,0.9126793620173566
1,1,0.09548757245944059,0.8869982672375216,0.017514160303037915
1,1,0.07971648043950101,0.8577741359809472,0.0625093835795518
2,2,0.03731629336073698,0.10221036286477515,0.8604733437744879
1,1,0.10723369072667681,0.6479362827629712,0.2448300265103518
2,2,0.03965529271653782,0.0576070183976407,0.9027376888858215
1,1,0.1866395931010014,0.7431164990689866,0.07024390783001193
0,0,0.6413346228089991,0.2676952522111467,0.09097012497985411
1,1,0.042679372221186763,0.8985167966591442,0.05880383111966891
1,1,0.03698810241564742,0.9242738846582893,0.03873801292606331
1,1,0.017358755378216496,0.9727457155027887,0.009895529118994897
2,2,0.05706000525900642,0.05877182679209253,0.884168167948901
1,1,0.021564476695572994,0.9724385148600635,0.00599700844436343
2,2,0.09545674633676578,0.23210303291706164,0.6724402207461725
2,2,0.05497672738843429,0.11188981678192282,0.8331334558296429
2,2,0.027214136317724992,0.06857484897320107,0.9042110147090738
0,2,0.15405656854692062,0.177637374721872,0.6683060567312074
1,1,0.3086678449027226,0.6287335766546615,0.06259857844261597
1,1,0.04461403821612935,0.8870614414594363,0.06832452032443428
1,0,0.4782783195692347,0.20555906776747926,0.31616261266328594
1,1,0.02620359255242531,0.9311531087235403,0.04264329872403445
1,1,0.09606719330568993,0.694744743365488,0.2091880633288221
0,0,0.6882417879001774,0.28366181907546806,0.028096393024354512
1,1,0.11481634347806077,0.8665599501664325,0.01862370635550665
1,0,0.4117868649887664,0.37811629787246104,0.21009683713877272
1,1,0.0910364777764716,0.8324651695091865,0.07649835271434184
0,1,0.05515586525996175,0.7299858877390506,0.21485824700098766
1,2,0.20623562490718597,0.06650238426771395,0.7272619908251001
1,1,0.036250384493284986,0.9089744861777086,0.05477512932900645
1,1,0.027768419555458092,0.9592890925405467,0.012942487903995185
1,0,0.557007318653095,0.43664519555616604,0.006347485790738778
2,2,0.014400888433041357,0.03866463270986941,0.9469344788570893
2,2,0.07003925280394159,0.4291419062739481,0.5008188409221104
1,1,0.2730249836505358,0.6800853250241135,0.046889691325350744
1,1,0.07523599087487697,0.8403295569568627,0.08443445216826047
1,1,0.05670629969930551,0.8972011713323162,0.046092528968378205
0,0,0.7042148597239735,0.24882294364476493,0.04696219663126157
2,2,0.039073686204046464,0.1952144093078134,0.7657119044881402
2,2,0.012228076365116865,0.03311422862340103,0.9546576950114822
2,2,0.08842913930405218,0.258371886228456,0.6531989744674918
1,1,0.029587660401098496,0.9018857933698923,0.0685265462290093
1,1,0.018730006000923363,0.9615060994475857,0.019763894551490902
2,2,0.241865968646312,0.21570996067851,0.542424070675178
1,1,0.11964766476927605,0.8395062230759541,0.040846112154769736
1,1,0.2054768178880828,0.7281512536162971,0.06637192849562004
1,2,0.2239158004099517,0.23633135925718654,0.5397528403328617
2,2,0.23800094121316198,0.12673873323255047,0.6352603255542876
1,1,0.21075595069810596,0.7791831749871097,0.010060874314784415
1,1,0.17286366667583533,0.7671117603860077,0.06002457293815692
1,1,0.02084365296548241,0.8905724056955563,0.08858394133896132
1,1,0.051355930710981816,0.8792358851453232,0.0694081841436948
1,1,0.12249697087603624,0.7080274925392436,0.16947553658472023
1,1,0.014853306383613093,0.9764898129522596,0.008656880664127361
1,1,0.18865876391423048,0.5826637218382013,0.22867751424756833
1,1,0.11886945496829,0.8734417332144765,0.00768881181723355
1,1,0.08858565331945052,0.8012144929520466,0.11019985372850283
1,1,0.29464308314677934,0.6779048948538374,0.027452021999383326
1,1,0.07928960466227362,0.9196181272442041,0.001092268093522305
1,1,0.07956327329485004,0.5829873405735716,0.33744938613157843
1,1,0.07989782152047065,0.6844821097445639,0.23562006873496544
2,2,0.08097468120012448,0.3243647005202004,0.5946606182796752
1,1,0.04333062767197297,0.9327816771596578,0.02388769516836938
1,1,0.19949412146253276,0.7690722599562815,0.03143361858118572
1,1,0.043746744110449765,0.9205803729822143,0.03567288290733601
1,1,0.06474861350199071,0.8153442077672214,0.11990717873078782
0,0,0.9575102915957794,0.017260242338331983,0.02522946606588871
1,1,0.13157017676859867,0.8107342774586874,0.057695545772713935
1,1,0.1723807699028832,0.7832254343842723,0.04439379571284462
1,1,0.18554363304986568,0.7962554822254516,0.018200884724682783
1,0,0.4925998296364383,0.4580333677920521,0.04936680257150969
1,1,0.09975291205425786,0.7408957681413495,0.15935131980439268
1,1,0.03864685332479067,0.9482353521485154,0.013117794526693816
2,2,0.07076613974322377,0.16303643530390086,0.7661974249528755
1,2,0.06589872924684163,0.43879192141780476,0.4953093493353535
2,2,0.13021177813419935,0.049921132403228666,0.819867089462572
1,1,0.27661606421999596,0.6946429488188166,0.028740986961187417
1,1,0.07277421739478153,0.787228734326341,0.13999704827887738
0,0,0.719295109538637,0.14674052364848206,0.1339643668128809
1,0,0.5621409254815708,0.29897724607519194,0.1388818284432373
1,1,0.19259709373017805,0.6651778552502224,0.14222505101959948
2,2,0.021685524850638235,0.2033414849514626,0.7749729901978991
1,1,0.057265870140314035,0.840012648838711,0.10272148102097496
1,1,0.039471640578394876,0.9333938087256202,0.027134550695985075
1,1,0.05610561967286776,0.9306471146894569,0.013247265637675431
1,1,0.028571503944645277,0.9172221535333972,0.05420634252195753
2,2,0.030941824641338062,0.04418095237681993,0.9248772229818419
1,1,0.047287766248583954,0.9359342638002799,0.01677796995113607
1,1,0.037086449800070725,0.9415193740572764,0.02139417614265293
1,1,0.05622024831150173,0.848872601969644,0.09490714971885422
2,2,0.12780473732666117,0.152919963465481,0.7192752992078578
0,0,0.8132072639658625,0.089644898176297,0.09714783785784036
2,2,0.0652789022618578,0.3498740166625408,0.5848470810756013
2,2,0.1660943766761646,0.0742137982591071,0.7596918250647283
2,2,0.15556556142015796,0.11437477615083504,0.730059662429007
2,2,0.09819319764068936,0.22171411708000913,0.6800926852793016
1,1,0.091578034584118,0.8497576059064403,0.05866435950944164
2,2,0.010375888819787675,0.022205332699410794,0.9674187784808016
1,0,0.5050708353490885,0.4683579411920502,0.02657122345886137
2,2,0.08257152958579443,0.2411493370862611,0.6762791333279444
1,1,0.1513092138596087,0.8011253025786416,0.04756548356174967
2,1,0.044264080446251665,0.8951543415340751,0.06058157801967313
1,1,0.01943172954953169,0.9768763053951547,0.003691965055313615
1,1,0.023306612304290014,0.8127117285261063,0.1639816591696035
1,1,0.017274781650388166,0.9721187648466288,0.010606453502982845
0,1,0.18201198320556766,0.8140723635778128,0.003915653216619711
1,1,0.07403507470279327,0.8561510255757392,0.06981389972146758
2,2,0.08273052120558878,0.09349553513093706,0.8237739436634742
1,1,0.08772687207977876,0.8460761391149069,0.0661969888053144
1,1,0.13661141150456693,0.6658682243543975,0.19752036414103552
1,1,0.29229625905418277,0.6696505303435131,0.038053210602304086
1,1,0.08008237643261742,0.9043134622812549,0.015604161286127821
1,1,0.16987011425360674,0.7445855046623652,0.08554438108402794
1,1,0.014735537503560115,0.9727387052589568,0.012525757237482988
1,1,0.08193083588733201,0.877567370665257,0.040501793447410984
1,1,0.12544519749243446,0.47477916442070034,0.3997756380868652
1,1,0.05926450071490034,0.8878898910553766,0.05284560822972302
1,1,0.049232284172893555,0.7165762364386407,0.2341914793884656
1,1,0.33664078143172355,0.5994183700176845,0.06394084855059198
1,2,0.04268662367311708,0.09648740758565605,0.8608259687412269
0,0,0.8830216163829706,0.06548910113401718,0.051489282483012266
2,2,0.08333905910278508,0.10217407762965197,0.814486863267563
2,2,0.009028660588585473,0.023777096897015338,0.9671942425143991
1,1,0.10128135151560479,0.7668900466900307,0.13182860179436445
1,1,0.21585947895098412,0.6430934697837799,0.14104705126523592
2,2,0.07129825425391517,0.14737879017592528,0.7813229555701595
1,1,0.06371136315017377,0.923599526002191,0.01268911084763523
2,2,0.03695658817692527,0.029575301059443386,0.9334681107636315
1,1,0.040729339208939834,0.917976689671143,0.04129397111991697
1,1,0.07445119422030604,0.7904819793138902,0.13506682646580376
1,1,0.09796157816802135,0.8569964251944568,0.04504199663752182
1,1,0.029211182001231132,0.9583131697072848,0.012475648291484114
1,1,0.05581941916996457,0.8608092578819727,0.08337132294806272
1,1,0.04268230285168381,0.85015163094866,0.10716606619965617
1,1,0.18508155765345535,0.7029896411353144,0.1119288012112304
1,1,0.04934145356864101,0.9103641508878938,0.04029439554346507
1,1,0.08535904989386657,0.8526560838765918,0.06198486622954177
1,0,0.4878809365683226,0.4833682351349773,0.028750828296700053
1,1,0.12171812403052176,0.818445173105373,0.059836702864105286
1,1,0.04770819790879526,0.9314845522689474,0.02080724982225728
1,1,0.028110140566087502,0.9497463654932746,0.02214349394063797
1,2,0.14363150807072567,0.0959188222865966,0.7604496696426777
1,2,0.14526550505959157,0.23106714678709211,0.6236673481533164
1,1,0.024594846801384476,0.9397929202811077,0.03561223291750791
1,1,0.03286043668811467,0.9590652845886712,0.008074278723214052
1,1,0.21536093900580944,0.7644387293364965,0.02020033165769404
1,1,0.34243341965546253,0.5858406867550799,0.07172589358945743
1,1,0.36603155940230797,0.6224225378834372,0.011545902714254801
1,1,0.27738225621259877,0.44819957376779174,0.2744181700196095
1,1,0.0121242660192253,0.9713589189192063,0.016516815061568345
1,1,0.1269135543461299,0.8582311371375719,0.014855308516298227
1,1,0.41546733968418315,0.519286309181307,0.06524635113450997
1,1,0.0230066539127632,0.9082763069340403,0.06871703915319655
1,1,0.09623717196268915,0.848010065856907,0.055752762180403925
1,1,0.05854684853656146,0.9383236819948716,0.003129469468566894
1,1,0.09232153636142722,0.7193249704641974,0.1883534931743754
0,0,0.9322733747821444,0.060592327762984,0.007134297454871523
1,1,0.05926763411992475,0.901665285075681,0.03906708080439419
1,1,0.100177275432599,0.8600753680329444,0.03974735653445665
1,1,0.34094408049464725,0.6391695560731515,0.019886363432201255
1,1,0.21349388210648163,0.7315953411551913,0.05491077673832715
1,1,0.06986784900095892,0.7080177795318083,0.22211437146723273
1,1,0.05259820002514363,0.8615372973462396,0.08586450262861679
1,1,0.0611347021505235,0.8159173542440951,0.12294794360538151
2,2,0.09853022026577526,0.16566428946160114,0.7358054902726237
1,1,0.1734317462357019,0.724267785514322,0.10230046824997617
2,2,0.027939872218489908,0.13524856179279318,0.8368115659887169
1,1,0.15109344189188414,0.6668523307742495,0.1820542273338663
1,1,0.09375798999002641,0.6892693423521092,0.21697266765786435
1,1,0.3507210169676839,0.5247672570167474,0.12451172601556876
1,1,0.05694231347745711,0.8754166191453953,0.06764106737714763
1,1,0.0944275618567936,0.8685675059536345,0.03700493218957191
1,1,0.06965079192407132,0.9166612908338994,0.013687917242029392
1,2,0.07665875544463677,0.24786280697215102,0.6754784375832122
1,1,0.06573431734235301,0.8804798960865609,0.05378578657108627
1,1,0.04377475871393452,0.9220050018121481,0.03422023947391732
2,2,0.08632083882612333,0.07431094049766378,0.839368220676213
1,1,0.036145442663953135,0.9389613622760692,0.02489319505997779
1,1,0.07374632928925218,0.760654615348032,0.16559905536271596
1,1,0.04706389032154968,0.9237590849750223,0.029177024703428034
1,1,0.04662090730471338,0.8973852526148016,0.055993840080485
1,1,0.12035340624236851,0.8762811810950131,0.0033654126626184323
1,1,0.13719275224415292,0.8269854932613165,0.03582175449453045
2,2,0.03564241706063184,0.05446508973796891,0.9098924932013993
2,2,0.1386030291570319,0.3957132429640131,0.465683727878955
1,1,0.037980742768371364,0.88862475357563,0.0733945036559986
2,2,0.2967681912866474,0.16996876063840238,0.5332630480749503
1,1,0.34607095047893205,0.47517096196561287,0.17875808755545505
0,1,0.23465019234980075,0.48205900794205414,0.28329079970814514
1,1,0.038518821461355976,0.9583712079080248,0.0031099706306192128
1,0,0.4749888091043271,0.11658979003058283,0.4084214008650901
1,1,0.13874140076165353,0.7518907882666745,0.10936781097167196
2,1,0.06567099016854477,0.8321486320950363,0.10218037773641885
1,1,0.022043504588345645,0.9774435908672129,0.0005129045444414397
1,0,0.9553561579804632,0.041850355964742854,0.002793486054793876
1,2,0.2112963944914851,0.1704583953195557,0.6182452101889593
1,1,0.061682917453315174,0.9056785873169009,0.03263849522978405
1,1,0.17397945343076227,0.8071192233560083,0.01890132321322959
1,1,0.06586728747594282,0.763178071903878,0.17095464062017923
1,1,0.3895528446994601,0.45548535558558273,0.15496179971495716
0,0,0.8923056188156959,0.032101313893651943,0.07559306729065195
1,1,0.05452821878323812,0.897467898623046,0.048003882593715866
0,0,0.5834651876863551,0.1362601703331802,0.2802746419804647
1,1,0.01272666195189934,0.984943961182613,0.0023293768654877567
1,1,0.01893635460251422,0.9540679020847344,0.02699574331275161
2,2,0.3277988166740574,0.02388235552711298,0.6483188277988297
1,0,0.7202073125628431,0.16068726682444573,0.11910542061271114
1,1,0.13732169300353397,0.8325514924969405,0.030126814499525457
1,1,0.07640286706416773,0.813673787458003,0.10992334547782939
2,2,0.04253935696097657,0.10388266069253178,0.8535779823464916
1,1,0.08086315340012139,0.6582531669705796,0.26088367962929904
2,2,0.04634400472953635,0.04623036910169969,0.9074256261687639
1,1,0.03220488480515933,0.9297775255336322,0.03801758966120841
2,2,0.19387829501530673,0.07742753388391777,0.7286941711007754
1,1,0.06531659334665935,0.8983654624663342,0.03631794418700643
1,1,0.31576435612824055,0.6546452356714548,0.02959040820030462
1,0,0.7727912822559682,0.1781787453588438,0.04902997238518815
1,1,0.37522863472866114,0.5822563919496706,0.042514973321668155
1,1,0.10196660954456004,0.8321061100241899,0.06592728043125008
2,2,0.09454340082527164,0.06162923598354403,0.8438273631911842
1,1,0.10180611060887333,0.6818773802973251,0.21631650909380148
2,2,0.030801708455466065,0.1406434059598293,0.8285548855847046
1,1,0.04969840939375897,0.9478560926058807,0.002445498000360429
2,2,0.060889380457671,0.05294395449786112,0.8861666650444678
1,1,0.11147797343067378,0.8417239281043866,0.046798098464939826
1,1,0.09664589009204774,0.8408691937098471,0.062484916198105325
1,1,0.10298092089299468,0.7724746784843101,0.12454440062269537
1,1,0.2352917602902424,0.7234328075392419,0.0412754321705157
1,1,0.1927919615953245,0.7920108577026262,0.015197180702049276
2,2,0.02566601194240436,0.11316002368186304,0.8611739643757327
1,1,0.06878069561405162,0.9280901651981789,0.0031291391877695677
1,1,0.2252470790441032,0.6394095681167705,0.13534335283912624
1,1,0.01637753784690049,0.9746601386272642,0.008962323525835156
1,1,0.08876927228808248,0.8076382254267414,0.10359250228517615
1,1,0.05224997961127158,0.9227671454104522,0.02498287497827621
1,1,0.057309384585763436,0.9177092683813013,0.024981347032935274
1,1,0.13793609575834978,0.6358227724133689,0.22624113182828126
2,2,0.015542398886796491,0.06876586800511272,0.9156917331080908
1,1,0.30616326391547194,0.6453921163939828,0.048444619690545365
1,1,0.03595875857252088,0.9474956260116499,0.0165456154158292
1,1,0.09700839134570292,0.8538265659487932,0.04916504270550393
1,1,0.20372689136271646,0.6508894843238302,0.14538362431345325
1,1,0.01283911126570903,0.9812385030970483,0.005922385637242746
1,1,0.03181176672391539,0.8129351517262846,0.15525308154979992
1,1,0.21437760847403073,0.7634292718278195,0.0221931196981497
0,1,0.4554624008405513,0.47751388243624104,0.06702371672320764
1,1,0.06680117088870612,0.8410447616457287,0.09215406746556523
1,1,0.28087560440401493,0.6532613739012139,0.06586302169477126
2,2,0.03184067821809001,0.13835169332866454,0.8298076284532455
1,1,0.21417318898267892,0.7514856156242709,0.03434119539305009
1,1,0.4891639063919384,0.5001844601603577,0.010651633447703927
1,1,0.2539425167249012,0.6950818563110893,0.050975626964009584
1,1,0.08175324715180457,0.7651749764471608,0.15307177640103453
1,2,0.04401507634778928,0.14683013122144054,0.8091547924307702
1,1,0.06136442903789553,0.8456397549675152,0.09299581599458927
1,1,0.01694442179545622,0.9792031837298637,0.003852394474680096
1,1,0.08349205112345277,0.9160009614698116,0.0005069874067356629
0,2,0.21478373972390796,0.3100311824887742,0.4751850777873179
1,1,0.04270478610682532,0.9282449375988031,0.029050276294371603
1,1,0.04121752028498751,0.8614825113442613,0.09729996837075103
1,1,0.21454047464171289,0.7150463734597768,0.07041315189851023
1,1,0.00961040689960754,0.9868192865713812,0.0035703065290113964
1,1,0.02857031100913253,0.9270574280098002,0.044372260981067196
1,1,0.21122813719538788,0.7037611123424105,0.08501075046220154
1,1,0.2953121342704663,0.7019431554683496,0.002744710261184109
2,2,0.01042759411124337,0.009140539761351905,0.9804318661274047
1,1,0.2024356151663715,0.7710701815080401,0.026494203325588467
1,1,0.05949751867560118,0.8957307499517366,0.044771731372662084
1,1,0.013487102450326627,0.9777803699700374,0.008732527579635956
1,1,0.061275420761520726,0.7491024962356969,0.18962208300278244
1,1,0.03231172198453863,0.8906611525558682,0.07702712545959323
2,2,0.1234318692355707,0.3214551213126421,0.5551130094517872
1,1,0.020061791607166903,0.9566234858694589,0.02331472252337436
1,0,0.7280410928468627,0.18895963363439902,0.08299927351873826
1,1,0.04036573281535799,0.9512596258820962,0.008374641302545675
1,0,0.820194129915984,0.17911446016232416,0.0006914099216918109
0,0,0.3667116040465333,0.3525574522950802,0.2807309436583864
1,1,0.08612492904066743,0.779632584983485,0.13424248597584762
0,2,0.22802019341158958,0.24711123055522818,0.5248685760331822
1,2,0.20390820859464284,0.2227610343572502,0.5733307570481069
1,1,0.1805885868496815,0.8070058952423049,0.012405517908013617
1,1,0.13824670972168812,0.558471732164813,0.30328155811349883
1,2,0.10893146949667958,0.22018762671030231,0.6708809037930181
1,1,0.03127468483855185,0.9126117037578202,0.056113611403628104
1,1,0.12494092641100651,0.8608694163776288,0.014189657211364717
1,1,0.05190279193814096,0.7663627566935532,0.18173445136830577
2,2,0.09232777355618477,0.022153607418328405,0.8855186190254869
0,1,0.21668018254755902,0.4901592716577989,0.2931605457946421
1,1,0.07918566634476122,0.7796201434239037,0.14119419023133492
1,1,0.1772962431751334,0.7926793842246481,0.030024372600218625
1,1,0.055443550728599654,0.883484223073972,0.06107222619742826
1,1,0.059993918235859776,0.8277783740840864,0.1122277076800538
1,1,0.11099500899380112,0.8858753598691356,0.003129631137063288
1,1,0.19427729142007477,0.7233151248599667,0.08240758371995847
1,1,0.21727714915419474,0.6502111874752218,0.13251166337058345
1,1,0.1109123448361323,0.8152863529644746,0.07380130219939302
2,2,0.01082787754036799,0.07402535400939536,0.9151467684502367
1,1,0.18559263421336372,0.7899268179494144,0.024480547837221804
1,1,0.12750484316365818,0.5453594340977581,0.3271357227385838
2,2,0.07017973241654091,0.10948516558747866,0.8203351019959804
1,1,0.18727730494383002,0.6337607561295778,0.17896193892659212
0,1,0.20977379360460954,0.7729196047682211,0.017306601627169377
1,1,0.03628468602089535,0.9235158429700424,0.0401994710090624
1,1,0.06788490949467774,0.9040972703505853,0.02801782015473696
1,1,0.17610120240815808,0.7707503303054065,0.05314846728643553
1,0,0.4969147115423856,0.36568424634054997,0.1374010421170644
2,2,0.22876688915796817,0.1004386456861051,0.6707944651559267
2,2,0.2305536849154114,0.10783503528057255,0.6616112798040161
1,1,0.14257526240071733,0.7461685274739185,0.11125621012536425
1,1,0.15084088468258153,0.8271008423009658,0.02205827301645266
2,2,0.009970339468552374,0.061369171103694595,0.9286604894277529
0,1,0.39648112153364906,0.46650835710065136,0.13701052136569952
1,1,0.16610843414028367,0.8090050670735092,0.024886498786207256
1,1,0.03651381902921612,0.9290471017083567,0.03443907926242724
1,1,0.028024604138793197,0.9564191613832679,0.015556234477939046
1,1,0.022002654090427235,0.9558470085322555,0.02215033737731718
1,1,0.2526872122160969,0.7008856791245003,0.04642710865940283
1,1,0.06589344391889376,0.9262867509878914,0.007819805093214895
2,2,0.28105630640109136,0.10397620988054476,0.6149674837183638
2,0,0.41713795916399526,0.23187719502680074,0.35098484580920414
1,2,0.3333172960029718,0.250221379670933,0.4164613243260953
1,0,0.6413308787900035,0.21890680037958737,0.13976232083040924
0,0,0.8777880194122566,0.11055008796433856,0.011661892623404684
1,1,0.05870709320712257,0.913590245612059,0.027702661180818492
2,2,0.0763094427577426,0.03389860196641874,0.8897919552758388
2,2,0.005615109715384568,0.017278156724326057,0.9771067335602894
1,1,0.3522568576819925,0.46456488149461816,0.1831782608233894
1,1,0.03956875923666769,0.9311393036808004,0.02929193708253171
2,2,0.026957218344821593,0.15028711627457106,0.8227556653806074
2,2,0.05422873521226631,0.377024299471064,0.5687469653166697
1,0,0.4059631850832305,0.40270180088336405,0.1913350140334054
2,2,0.009182523963008083,0.011223485419035582,0.9795939906179564
1,0,0.905153086285006,0.056983561056593864,0.037863352658400254
2,2,0.06263502992434516,0.1379257697898992,0.7994392002857555
2,2,0.04139291589353664,0.12132330158672015,0.8372837825197431
1,1,0.06099484791792048,0.7486441829580119,0.19036096912406755
2,2,0.09968381925514404,0.23321226485887744,0.6671039158859785
1,1,0.06818836112139444,0.8864001859449901,0.04541145293361551
1,2,0.27759398379789435,0.23230797705253375,0.49009803914957195
1,1,0.09301651550221393,0.8083340029722144,0.0986494815255718
2,2,0.05257413023995991,0.13263277364039597,0.8147930961196441
1,1,0.10588993945137175,0.8564297140633642,0.037680346485263916
2,2,0.31938609907938104,0.10641556233176767,0.5741983385888513
2,2,0.3281641392163235,0.3102151067563248,0.3616207540273517
2,2,0.06520625002093619,0.20499127650612164,0.7298024734729421
1,1,0.09382263383677562,0.861547086319957,0.04463027984326734
1,1,0.14832534244200815,0.7718481885024236,0.07982646905556826
1,1,0.1663263543850728,0.7624124916940916,0.07126115392083564
1,0,0.4805629768292009,0.1574834198846085,0.3619536032861907
1,1,1.3210715319531704e-05,0.9999867892353742,4.930633763208242e-11
1,1,0.12583996950469542,0.8738363246256579,0.0003237058696467487
1,1,0.07842967054578068,0.8857636672414887,0.03580666221273062
1,2,0.09191534012465284,0.31484091367861206,0.5932437461967351
2,2,0.02448045978495211,0.027768751196075903,0.9477507890189719
1,1,0.02347560643884644,0.9528796401659899,0.023644753395163604
1,1,0.0993761157721498,0.852520623302349,0.04810326092550123
1,1,0.1768370551808852,0.7141050064657685,0.10905793835334629
0,0,0.5331502394060695,0.46157422766932116,0.005275532924609273
1,1,0.0855813937917936,0.8817932342047483,0.03262537200345818
0,0,0.678386702956588,0.13087631676719688,0.19073698027621513
1,2,0.3028064248051736,0.2837322783477422,0.41346129684708427
1,1,0.0489764792062842,0.9461564747218079,0.004867046071908017
1,1,0.1625692490648162,0.6863658649280866,0.15106488600709736
2,2,0.017034101108314104,0.019055816332030396,0.9639100825596556
1,1,0.058296536246204206,0.9123439543892151,0.029359509364580656
1,1,0.0001619880901957282,0.9998368058088577,1.2061009466757968e-06
1,1,0.36826848257121114,0.5817494653582703,0.04998205207051849
1,1,0.1998872042538949,0.7956538103682088,0.004458985377896206
2,2,0.0155788777473717,0.03876838394899257,0.9456527383036357
1,1,0.10250176394211992,0.876237109878569,0.02126112617931117
1,1,0.1269347753468831,0.867759841850073,0.005305382803043899
2,2,0.031052700366135232,0.03783280556548338,0.9311144940683813
2,2,0.10973111005346282,0.05572862226354746,0.8345402676829897
2,2,0.143814051561724,0.32294851029805993,0.5332374381402161
1,1,0.03045323907349151,0.8364821919517117,0.1330645689747968
1,1,0.20247213606660125,0.7500063729363811,0.04752149099701779
1,1,0.061495947682819005,0.6879735687460258,0.2505304835711551
1,1,0.12627414215514646,0.8041943968661738,0.06953146097867972
1,1,0.1805620363823558,0.7573722435675213,0.062065720050122994
1,1,0.04469839148990779,0.8899083276967377,0.06539328081335449
1,0,0.4038064955067098,0.3617652604211036,0.23442824407218676
1,1,0.008924443400481822,0.9839942013590129,0.007081355240505127
2,2,0.041030655870625765,0.10815831259489715,0.8508110315344771
1,1,0.04541371422072781,0.817400993939407,0.1371852918398652
1,1,0.12349614095126313,0.8728035839902114,0.003700275058525424
1,1,0.08195684983112093,0.7170319922165143,0.20101115795236488
1,0,0.7732951509956824,0.2265755542555112,0.00012929474880646246
1,1,0.056340232768612795,0.9158651219392282,0.027794645292159043
1,1,0.0623147717894458,0.796228049240343,0.14145717897021123
1,0,0.9977615328669771,0.002227407508004922,1.1059625017916422e-05
2,2,0.055139151860203704,0.11840345318175287,0.8264573949580435
1,1,0.06288499148140675,0.9301981499800069,0.006916858538586349
1,1,0.4793810115849362,0.4956424294620946,0.024976558952969147
2,2,0.03326316892319021,0.10715509038858187,0.8595817406882279
1,2,0.2989943479321415,0.2384492983483259,0.4625563537195325
1,1,0.025189195770034183,0.9725740371307317,0.002236767099234306
1,1,0.05478742576584181,0.89738311874118,0.04782945549297821
2,2,0.08959482091690991,0.38446567871463255,0.5259395003684576
1,1,0.44936790300432816,0.5473516566742868,0.003280440321385093
1,1,0.04925551233393605,0.8473045270004357,0.1034399606656282
1,1,0.1608948157185148,0.7156038834929902,0.12350130078849496
1,1,0.32619026537599655,0.6513828595307525,0.02242687509325096
1,0,0.407136903626423,0.36132854778124635,0.23153454859233058
1,1,0.3794501324488624,0.6086727930831172,0.011877074468020547
2,2,0.2584754341268057,0.10599443670118887,0.6355301291720055
2,2,0.284543329366403,0.32037210184776155,0.3950845687858354
0,0,0.8630452029363312,0.09064040003136342,0.04631439703230547
1,1,0.23132147477581425,0.7318581598161773,0.036820365408008364
1,1,0.26913904826968615,0.7114225024038786,0.01943844932643514
1,1,0.4067785416448847,0.565885194801042,0.027336263554073262
0,0,0.8000919587750059,0.13390413343689095,0.06600390778810315
1,1,0.1185324622477784,0.8590459917130424,0.022421546039179154
1,1,0.10265954470818536,0.7448419242332549,0.15249853105855982
0,2,0.28995379557350254,0.2922710221474581,0.4177751822790394
1,0,0.6436216696754092,0.28970157136508956,0.06667675895950112
2,2,0.17978919990475478,0.23374638639438894,0.5864644137008563
2,0,0.5244491403064161,0.05476657026164699,0.4207842894319369
1,1,0.1250501503772498,0.7289011315201721,0.14604871810257816
1,1,0.11495847296312083,0.7802068766059151,0.10483465043096388
1,1,0.1410968543657295,0.7769687944996161,0.08193435113465442
2,2,0.13294170334539898,0.07334703281281826,0.7937112638417828
2,2,0.05939461200697421,0.3261150157406352,0.6144903722523907
1,1,0.024443415926325783,0.9738685634565244,0.001688020617149754
1,1,0.013987064683586195,0.966721683174607,0.01929125214180655
1,1,0.0015379527872020071,0.998397945736384,6.410147641403336e-05
1,1,0.009299842125019697,0.9891901681925525,0.001509989682427874
1,1,0.2471584010486861,0.714145597719796,0.03869600123151789
1,0,0.5169256109480392,0.43858085752049564,0.044493531531465125
2,2,0.006657227717139057,0.03135220907277477,0.9619905632100862
1,1,0.041989456783345556,0.9369083945261836,0.021102148690470817
2,2,0.022607100590701274,0.11444583922575631,0.8629470601835424
1,0,0.4757606393588086,0.4573875389094658,0.06685182173172576
1,1,0.14476063768264683,0.8358707426807773,0.019368619636575872
1,1,0.07940272720176847,0.7444578489194401,0.17613942387879153
1,1,0.06292601113870386,0.8694754227463968,0.06759856611489944
1,1,0.13386010511193866,0.7800225046601965,0.0861173902278648
1,1,0.1617318050371883,0.7954800519487298,0.042788143014081854
2,2,0.07025394936548254,0.10724459267902506,0.8225014579554923
1,1,0.0879370356049156,0.8802718066910851,0.03179115770399939
1,1,0.11980171107233709,0.8520607418302597,0.028137547097403178
1,1,0.1619318403200337,0.7607874908140713,0.07728066886589506
1,1,0.04907961700056598,0.9401590742234355,0.01076130877599841
1,1,0.2504772583854255,0.5794452251591952,0.17007751645537936
1,1,0.3203375019942501,0.505847964690567,0.17381453331518285
1,1,0.06294997614491683,0.9300122071559742,0.007037816699109009
1,1,0.05325602136500034,0.8628876084475656,0.08385637018743398
2,2,0.29705546390752124,0.3174982814877151,0.3854462546047636
1,1,0.22966164464146155,0.7649661157736635,0.0053722395848748335
1,1,0.1114794361980796,0.8523024802394807,0.036218083562439767
1,1,0.09676563087352398,0.8587816407115106,0.044452728414965385
2,2,0.26062551488471497,0.16162721849064918,0.5777472666246358
1,1,0.2144411623125093,0.7843134712113284,0.0012453664761622543
1,1,0.07728922755603208,0.7737883554060141,0.1489224170379539
1,1,0.39228575123319387,0.5894322081488484,0.018282040617957702
1,1,0.12454056319583456,0.7593895857276097,0.11606985107655574
1,1,0.014454895306685955,0.9745671882425053,0.01097791645080877
2,2,0.06979360663576206,0.0888876795188393,0.8413187138453986
1,1,0.4010703543705723,0.5971039885219316,0.0018256571074962342
1,1,0.21143032626394256,0.7344886043763681,0.05408106935968935
1,1,0.14923082662147713,0.8291336924736432,0.021635480904879694
1,1,0.0735442322456961,0.9253385867770767,0.0011171809772271963
1,1,0.036608098271141094,0.9378800584870629,0.02551184324179606
0,1,0.087454677791595,0.9077558975463386,0.00478942466206644
1,1,0.04705896087351032,0.8868281089113571,0.06611293021513265
1,1,0.09630130538223948,0.8426503743673335,0.06104832025042707
1,1,0.08291826917297354,0.8074394114730739,0.10964231935395262
1,1,0.1922981793783463,0.8025766540645868,0.005125166557066945
1,1,0.23036474070316534,0.745685249530264,0.023950009766570704
1,1,0.06322940210208415,0.8061562476407019,0.1306143502572141
1,1,0.022182716137068667,0.9736400247466719,0.004177259116259441
1,1,0.10767197747790487,0.8460525840050114,0.046275438517083683
2,2,0.03741103191881651,0.020530525484803445,0.9420584425963802
1,1,0.06837172416019614,0.8874264350873673,0.04420184075243653
1,1,0.08663546089916813,0.9029935593640656,0.01037097973676623
1,1,0.029872105151140856,0.9477582153676166,0.02236967948124239
2,2,0.023563383693792236,0.07715648005065455,0.8992801362555533
1,1,0.39262247577916914,0.568531386919864,0.03884613730096676
1,1,0.04833853093675989,0.9295484649347651,0.022113004128474976
1,1,0.04559791933502658,0.9317431976416974,0.022658883023275962
1,1,0.03089828869971441,0.9497822534546702,0.019319457845615527
2,2,0.036117419450588974,0.031111870367645456,0.9327707101817656
0,1,0.162996187344361,0.5151781338712214,0.3218256787844176
1,1,0.18251553523255012,0.7718124797113888,0.0456719850560612
1,1,0.07568454777672388,0.8966216426380832,0.027693809585192908
1,1,0.23152812783221863,0.7619635271474188,0.006508345020362659
1,1,0.018236825301089294,0.9551824199448734,0.02658075475403738
1,1,0.015574422107763962,0.981442467916762,0.0029831099754740143
1,1,0.024722418728642982,0.9522316804645736,0.023045900806783377
1,1,0.20230107590601476,0.524766895851164,0.2729320282428212
2,2,0.019592589400065124,0.034014608565967615,0.9463928020339671
0,0,0.8518997292664535,0.13929320899785236,0.008807061735694007
1,1,0.0672752435262435,0.9269130995561294,0.0058116569176270725
1,1,0.025404704644192755,0.9492013545458272,0.02539394080998008
2,2,0.06356011955967651,0.14780233001601495,0.7886375504243085
1,1,0.20830010598900314,0.7875897571759196,0.004110136835077181
1,1,0.0617940032022922,0.7201968165866365,0.2180091802110712
1,1,0.05859820357360828,0.9120994689484169,0.0293023274779749
1,1,0.017712112399263423,0.9363125450908799,0.04597534250985668
1,1,0.10832521680396537,0.783848461573968,0.10782632162206669
1,1,0.049284146299427165,0.9153773785533252,0.03533847514724756
1,1,0.09110400703051152,0.8681504478662142,0.04074554510327426
1,0,0.7027534389145694,0.2920964076687165,0.0051501534167141295
1,1,0.06683100628292404,0.915216659035317,0.01795233468175883
1,1,0.09213689045250374,0.7827732626092033,0.12508984693829303
1,1,0.03554066849676186,0.9560951776200993,0.008364153883138816
0,0,0.7498345760520259,0.23810812722487285,0.0120572967231015
1,0,0.4499386727358339,0.35824447265947246,0.19181685460469367
1,1,0.0756918874653944,0.8910914109215272,0.03321670161307841
1,1,0.043454884454459296,0.8928502239839057,0.06369489156163496
1,1,0.10213294932223525,0.8710805942462332,0.026786456431531658
1,1,0.10008266006288355,0.8259924616589938,0.0739248782781226
1,0,0.5951701828476269,0.25027109039965345,0.1545587267527196
1,1,0.13566841165073854,0.8358660710177558,0.028465517331505562
1,1,0.06420313158540378,0.6031680597205379,0.3326288086940584
1,1,0.10055871834562018,0.8739375182268332,0.025503763427546695
1,1,0.0756643352947919,0.7291136288340092,0.1952220358711989
2,2,0.13760323395088178,0.08810198461238908,0.7742947814367291
1,1,0.34153366504104743,0.5811220446814719,0.07734429027748076
1,1,0.06533970145934777,0.8294073530257242,0.10525294551492813
2,2,0.030702121026552995,0.08331026289889229,0.8859876160745547
1,1,0.04091792098601093,0.871152285217419,0.08792979379656989
1,1,0.03663718554786081,0.8629888123484774,0.1003740021036618
2,2,0.13415764789034804,0.26836408623061603,0.597478265879036
1,1,0.13799060336520338,0.8587879399821783,0.003221456652618387
1,1,0.03709590082760868,0.9432765861389546,0.01962751303343659
1,1,0.1270791621939338,0.6018590867478605,0.2710617510582057
2,2,0.11356353053436093,0.07494450310891097,0.8114919663567282
0,0,0.8932788540195069,0.06441447765280388,0.042306668327689305
1,1,0.18818510603203242,0.49123057634517775,0.32058431762278994
1,1,0.23389627751328343,0.6200213410123073,0.14608238147440925
1,1,0.07121974171120435,0.8783680761502589,0.0504121821385368
0,1,0.3836076882848338,0.4778758249529643,0.13851648676220188
1,1,0.07126553576654159,0.8963808044124655,0.032353659820992954
0,0,0.7662459545421498,0.14336018817709656,0.09039385728075358
1,2,0.14375328442915958,0.24702533967185306,0.6092213758989873
1,1,0.04327493570443601,0.839788581991362,0.11693648230420198
1,0,0.756639122366017,0.21379278576842034,0.029568091865562564
1,1,0.32843815056326187,0.6120111369201059,0.059550712516632395
2,2,0.008428604069588319,0.03542737735966134,0.9561440185707504
2,2,0.06257885568904555,0.1685396419916972,0.7688815023192572
1,1,0.1863479290778087,0.6672642922754827,0.1463877786467087
2,2,0.08924429391802224,0.14198872734282464,0.7687669787391531
1,1,0.09914067185559461,0.7905390652663056,0.11032026287809989
1,1,0.07015589494149652,0.6942185466711761,0.2356255583873274
1,1,0.0069950964037430435,0.9863438779644631,0.006661025631793654
1,1,0.08112628319353442,0.8447009510265835,0.07417276577988205
1,1,0.06325112905603045,0.7629078054136719,0.17384106553029785
1,1,0.036717318738238705,0.9466325353352283,0.016650145926533022
2,2,0.05936342604583313,0.08286149456557464,0.8577750793885922
1,2,0.10679623402612273,0.21474115171564234,0.678462614258235
1,0,0.5913107719222447,0.3426785196495392,0.06601070842821624
0,0,0.6570440782909334,0.2594434443905646,0.08351247731850199
2,2,0.029616524303634206,0.25541469229473696,0.714968783401629
1,1,0.0353021010363084,0.9618107331262266,0.0028871658374649083
1,1,0.12917411344917012,0.8207449203197765,0.05008096623105352
1,1,0.33070082946750506,0.6196665517912159,0.04963261874127903
1,2,0.14203206381623604,0.28823573913006567,0.5697321970536983
1,1,0.07819890008997411,0.8878129004884479,0.03398819942157798
1,1,0.2475130563590455,0.5428786594424557,0.20960828419849875
2,2,0.2394826033172489,0.08545609262047621,0.6750613040622749
2,2,0.09047926161051739,0.36944043094207674,0.5400803074474058
1,1,0.21480544919177014,0.6546973638555827,0.13049718695264712
1,1,0.12375936543490414,0.7778173039736732,0.0984233305914226
1,0,0.9582423190106736,0.022237185841259832,0.019520495148066586
1,1,0.11577962547350844,0.8346564169280962,0.04956395759839521
1,1,0.041285367402237684,0.9332398288310326,0.025474803766729528
2,2,0.24228990366522352,0.34500080454095133,0.4127092917938251
1,1,0.33733482366170175,0.6235508562819447,0.03911432005635355
1,0,0.5902577368151775,0.3856678932972288,0.024074369887593844
2,1,0.16949168967597808,0.45460973156479895,0.375898578759223
1,1,0.2375856358616109,0.7572235454061564,0.0051908187322326875
2,2,0.09140836144674608,0.38178476514860504,0.5268068734046488
1,2,0.060805530659514356,0.12764909159581922,0.8115453777446665
0,0,0.8107332937185832,0.18436887969581617,0.00489782658560078
1,1,0.13099092922550082,0.5985676320623612,0.27044143871213794
1,1,0.07829942117185476,0.7879056318600239,0.1337949469681213
1,1,0.1333104976515045,0.7129455054556131,0.1537439968928824
1,1,0.07686073913567933,0.841813745955572,0.08132551490874865
2,2,0.03332160654404411,0.2233823258585309,0.743296067597425
1,0,0.5111887348355767,0.4664745419336851,0.02233672323073828
1,0,0.34850870444521126,0.3152886532106076,0.3362026423441811
2,2,0.043030126699644476,0.1473005221105483,0.8096693511898072
1,1,0.40107671906049225,0.5331548548044706,0.06576842613503724
1,1,0.0704872554640446,0.8566222855752043,0.07289045896075103
1,2,0.04614196895033783,0.21488002372531803,0.7389780073243442
2,2,0.06039727799277126,0.1053541641065151,0.8342485579007136
1,1,0.07223514635825615,0.8819786357952365,0.04578621784650746
1,1,0.01803115341757564,0.973217853657589,0.008750992924835386
1,1,0.3550379902257871,0.5533460765904559,0.09161593318375702
1,1,0.07895342208350373,0.8962226785788486,0.024823899337647677
1,0,0.5110447687403326,0.458375307677518,0.030579923582149497
1,1,0.06198174498239603,0.9029560738950103,0.035062181122593704
1,1,0.22842735647319587,0.7458175054326015,0.025755138094202434
1,0,0.5523577609959407,0.4373591051270733,0.010283133876986041
1,1,0.03641259644604154,0.958389615492482,0.005197788061476395
1,1,0.14708367104301673,0.7773544817580097,0.07556184719897359
1,1,0.10818447249407515,0.6997125462279449,0.19210298127797992
2,2,0.022243726275101672,0.06834304686483778,0.9094132268600605
1,1,0.2871756268658374,0.41200331709323557,0.300821056040927
0,1,0.16670806208576272,0.5928488826123711,0.24044305530186605
1,1,0.04825083531120805,0.8986186620782766,0.05313050261051549
2,2,0.07736162142793379,0.19311900941257806,0.7295193691594882
1,0,0.49905153143146475,0.4677931640137409,0.03315530455479438
0,2,0.1190678638395686,0.11929488064046256,0.7616372555199689
1,1,0.014829063647099834,0.9522604830637804,0.03291045328911972
1,1,0.049432551028260836,0.857779783436403,0.09278766553533611
0,0,0.9481417206283365,0.02174485972823965,0.030113419643423685
2,2,0.0063181038139517144,0.0005932961979062134,0.9930885999881421
0,1,0.43501406541006,0.5559948725057265,0.008991062084213332
1,1,0.18356645271252087,0.8078983118547406,0.008535235432738576
1,1,0.033466225242011774,0.9467946741338904,0.01973910062409772
1,1,0.13560974520281682,0.7721227853672333,0.09226746942994991
1,1,0.09620160282106886,0.8812098308879358,0.02258856629099551
1,0,0.5278668492166303,0.3582907144597355,0.11384243632363426
2,2,0.02409420988076811,0.03148232656199509,0.9444234635572368
1,1,0.10400882544505226,0.8739849753924539,0.022006199162493738
1,1,0.03541321676564331,0.8715368191911108,0.09304996404324593
1,2,0.32791547203143784,0.3309713157225289,0.34111321224603325
2,2,0.1120833306191025,0.17708909010431814,0.7108275792765794
0,0,0.45364052694777673,0.4290468759381675,0.11731259711405591
1,1,0.10896492740078235,0.6137930896975314,0.27724198290168617
1,0,0.5516719206725622,0.40836686149572665,0.039961217831711165
1,1,0.043611684798671634,0.9501095290508944,0.006278786150434002
1,1,0.2876629525150288,0.6661119023125257,0.046225145172445414
1,1,0.20021413847615793,0.5654438896827827,0.23434197184105945
2,2,0.06329440983114681,0.05070384903773687,0.8860017411311163
1,1,0.1767539332122473,0.7799272783207741,0.04331878846697853
2,2,0.05786197106823696,0.0642241456293901,0.8779138833023729
1,1,0.015574422107763962,0.981442467916762,0.0029831099754740143
0,1,0.24157493380438624,0.4442171537452019,0.3142079124504118
1,1,0.06622979277455399,0.9238429767553709,0.009927230470075177
0,0,0.5536241750379537,0.3876020038475714,0.05877382111447497
1,1,0.2420901851919703,0.6656977174041021,0.09221209740392752
1,1,0.034584071331631716,0.9475054411796637,0.017910487488704444
1,0,0.594137823741777,0.26974910701748606,0.136113069240737
2,2,0.1571848145060858,0.1834948460532124,0.6593203394407018
2,2,0.07546228659106181,0.10010441686283411,0.8244332965461041
1,1,0.07373794281413723,0.7090402105633369,0.21722184662252586
0,0,0.8541378797079175,0.03647483274420568,0.10938728754787677
1,1,0.14077270262681932,0.7841752753589984,0.07505202201418223
2,2,0.16837816941765488,0.053025607900816306,0.778596222681529
2,2,0.03929453501046068,0.27734946829150653,0.6833559966980327
1,1,0.2201813997938361,0.440187214887778,0.3396313853183859
1,1,0.040492132677873924,0.9531963334928257,0.006311533829300357
1,1,0.08026277023393286,0.8736369281491866,0.04610030161688054
1,1,0.1763285660018987,0.43541528910019683,0.3882561448979045
2,2,0.004610626257084491,0.021660221511349543,0.973729152231566
1,1,0.09581745987235954,0.8460559272861523,0.058126612841488144
1,1,0.019240050676442192,0.9485093668279178,0.03225058249563986
1,1,0.038099854703628214,0.9447011666603919,0.017198978635979984
1,1,0.04873542156730747,0.9429666245839179,0.008297953848774721
1,1,0.046409872223211746,0.9438074755694306,0.00978265220735762
1,1,0.08829284622202808,0.8573438219256564,0.05436333185231555
0,2,0.35630108580072317,0.2553054801181788,0.3883934340810981
1,0,0.6425101921314534,0.29815492548173533,0.05933488238681126
2,2,0.0714012015245069,0.09741442757682577,0.8311843708986674
1,1,0.06322855087135722,0.8861147956229543,0.05065665350568851
1,1,0.25990059451395264,0.6397765779727339,0.10032282751331352
2,1,0.12393157961469152,0.5327758302257662,0.34329259015954233
1,0,0.698886610744407,0.2033600609550032,0.09775332830058975
1,0,0.5928345988868147,0.18395066095542623,0.22321474015775905
2,2,0.28543265921706207,0.09766689156859036,0.6169004492143476
1,1,0.09940847103221725,0.8829394183405057,0.01765211062727714
0,0,0.8306489350226799,0.05530042377646819,0.11405064120085207
2,2,0.07216591606282989,0.33070385440573946,0.5971302295314307
1,1,0.03226290722288457,0.958831304420951,0.008905788356164563
1,1,0.08972769014969309,0.8070382483632405,0.10323406148706651
1,1,0.256654053760425,0.7123599192579259,0.030986026981649085
1,1,0.030409425236419645,0.9653934978552411,0.004197076908339173
1,1,0.31625986766011666,0.6679837827577505,0.015756349582132966
1,1,0.0606128777586136,0.9065206997671468,0.032866422474239515
2,2,0.03513245617006823,0.15887172401979502,0.8059958198101368
2,0,0.6862808820031204,0.21350458335441658,0.10021453464246287
1,1,0.025881623719461445,0.9509654537097295,0.02315292257080896
1,1,0.08038715182129587,0.7726161178050255,0.14699673037367866
1,1,0.02724010387835155,0.8871092717477522,0.08565062437389631
0,0,0.601990351358328,0.22795958359249974,0.17005006504917225
1,1,0.13369936232243787,0.8179421511349496,0.04835848654261238
1,1,0.011015340615490124,0.9841146349298556,0.0048700244546543365
1,1,0.09565973548325246,0.8264658457128914,0.07787441880385632
1,1,0.05091896381274326,0.934122832411925,0.014958203775331634
2,2,0.18479053543492177,0.08512882050873756,0.7300806440563407
1,1,0.3340060485910482,0.6044313236802459,0.061562627728705965
1,1,0.05494070382111891,0.928918829408673,0.016140466770208108
1,1,0.07696271787681278,0.861490946595999,0.0615463355271882
1,2,0.06318550699568376,0.38196123628891177,0.5548532567154044
1,1,0.0541927728889604,0.9251387947080478,0.02066843240299184
2,2,0.05022729437192747,0.1676047623844515,0.782167943243621
2,0,0.6548440226853648,0.28819080474254716,0.05696517257208799
1,1,0.2610128241224272,0.6155622379283209,0.1234249379492519
1,1,0.056478548085757925,0.9296515061900483,0.01386994572419371
1,1,0.050559225214302825,0.8538686376524929,0.09557213713320423
1,1,0.05222378210915258,0.9348647246465548,0.012911493244292591
2,2,0.1142181077902966,0.18391475251396236,0.701867139695741
1,1,0.05519636783765964,0.942640575872917,0.002163056289423365
1,1,0.24693901016565956,0.7444909985720825,0.008569991262258119
1,1,0.17924565233880813,0.7549980324281768,0.06575631523301528
0,0,0.9423805937865545,0.05578846688288073,0.0018309393305648842
1,1,0.03519187388988982,0.9183783795403015,0.04642974656980866
1,1,0.21958006771469843,0.7366368253900649,0.04378310689523661
1,1,0.06816473603524846,0.8659342379583989,0.06590102600635268
1,1,0.11487135465127846,0.8240733748641658,0.061055270484555696
1,1,0.009736319778388318,0.9897339675795622,0.0005297126420495431
1,1,0.0970779715916757,0.8849064563962723,0.018015572012052138
1,1,0.10216954781032417,0.8839151923292751,0.013915259860400769
1,0,0.737421221560366,0.22360508685607064,0.03897369158356329
0,0,0.8120426695763595,0.12998836253221024,0.05796896789143029
1,1,0.010942524575575987,0.9833419133558938,0.005715562068530149
1,1,0.23331806397366428,0.6715719089099407,0.0951100271163951
1,1,0.09855930315143564,0.8849591700241817,0.016481526824382833
2,2,0.05394293692671793,0.16788838866570396,0.7781686744075781
1,0,0.6427907559504198,0.32749978313942485,0.029709460910155392
1,1,0.04705562863627077,0.9376875827677339,0.01525678859599527
1,1,0.1283252721580662,0.8638343047364219,0.00784042310551185
1,1,0.23297029382011356,0.6289209959450603,0.138108710234826
1,1,0.07446721078824511,0.8855405013543229,0.03999228785743204
1,1,0.31069291842069396,0.6786938920596208,0.010613189519685188
1,1,0.05462897959563203,0.912149788691331,0.03322123171303689
2,2,0.0385761304816674,0.20038727779102353,0.7610365917273091
1,1,0.16375456951839132,0.8094351912101797,0.026810239271429042
1,2,0.4059897883353825,0.18721662564422195,0.40679358602039556
1,1,0.08828361983051049,0.8731033967998464,0.03861298336964301
1,1,0.10328314543759717,0.8253983475648499,0.07131850699755304
0,0,0.9759558090303723,0.023719495787674853,0.00032469518195299565
1,1,0.08874077626682084,0.8842702295613161,0.026988994171863047
1,1,0.025117992330794446,0.9649919059160279,0.009890101753177463
1,1,0.0015379527872020071,0.998397945736384,6.410147641403336e-05
1,1,0.05961637535746604,0.9010984962048254,0.03928512843770857
1,1,0.015574422107763962,0.981442467916762,0.0029831099754740143
1,1,0.031252803286268394,0.9327470975633237,0.03600009915040789
1,1,0.13693977710377345,0.6857350127659303,0.17732521013029623
1,1,0.1013012877808301,0.8535871824468353,0.045111529772334624
1,0,0.7985094505270504,0.03572555884431888,0.16576499062863082
1,1,0.05791584465918671,0.5340086619370403,0.408075493403773
1,1,0.06673335442099555,0.8989986805626301,0.03426796501637445
2,2,0.016755370773025326,0.012948674722289902,0.9702959545046849
1,1,0.1129639654052842,0.8083818003513789,0.07865423424333684
1,1,0.15910886665636167,0.6586514045954331,0.18223972874820518
1,1,0.12992212913645623,0.8319059186060304,0.038171952257513395
1,1,0.03416391097377957,0.9352647311618859,0.030571357864334577
1,1,0.04783485969601036,0.868300521554187,0.08386461874980265
1,1,0.1932551075953037,0.7739056971638589,0.03283919524083748
1,2,0.038882121192220516,0.0951370253723248,0.8659808534354546
1,1,0.042064849158864194,0.921558101865569,0.036377048975566734
1,2,0.07741016005944189,0.31105037242401723,0.6115394675165409
1,1,0.04092495101555488,0.7807175598826813,0.17835748910176372
1,1,0.02752865408722568,0.9611487004278352,0.011322645484939222
1,1,0.09349469455501315,0.727556225368969,0.17894908007601776
2,1,0.14344555302275158,0.6230845758027056,0.23346987117454265
1,1,0.04288201268279142,0.9055069983403669,0.0516109889768417
1,0,0.9002699638265874,0.07409176939420467,0.025638266779208007
1,1,0.07899915228888602,0.780358770956671,0.14064207675444296
1,1,0.15989038120733687,0.8220182720897514,0.018091346702911737
1,1,0.016053477304655842,0.9685836890083153,0.015362833687028971
1,1,0.14892985264551722,0.778087326404087,0.07298282095039575
1,1,0.0768640406947123,0.868350000014703,0.054785959290584704
1,1,0.14883543902582233,0.8396218435121107,0.011542717462067125
2,2,0.02173891536740065,0.019669743747316504,0.958591340885283
1,1,0.14157683054197678,0.6476791851702622,0.21074398428776098
1,1,0.0706535806265956,0.9194283875380914,0.00991803183531304
1,0,0.7480722646413219,0.15258763298445174,0.09934010237422637
1,1,0.036436824180969406,0.9215643499108767,0.04199882590815382
2,2,0.053616169355632064,0.02759310829193138,0.9187907223524366
1,1,0.049267699255021544,0.8799457849022285,0.07078651584274988
2,2,0.03424690494195588,0.059101296550316075,0.9066517985077281
1,1,0.126439060971652,0.8660760816510243,0.007484857377323757
2,2,0.23110160925398776,0.18358925469942247,0.5853091360465897
1,1,0.20801830644422847,0.7381545701338907,0.05382712342188074
1,1,0.0437763447911429,0.9445524195243011,0.011671235684555798
0,2,0.17205898991058974,0.15743681568217008,0.6705041944072402
1,1,0.41750971507038237,0.5559853455309519,0.026504939398665692
1,1,0.15780110767906003,0.8253312884378716,0.016867603883068252
1,1,0.009001176154328895,0.9858626450117627,0.005136178833908585
1,1,0.11268418792027791,0.5901902175837327,0.2971255944959894
2,2,0.12583283549666113,0.04543250151386168,0.8287346629894771
1,1,0.1304206492292434,0.6474367880926777,0.22214256267807897
1,1,0.05808444725836854,0.9315078614791866,0.01040769126244488
1,0,0.45937266237811203,0.4240995770733429,0.11652776054854506
2,2,0.015023293166389519,0.039173763852919416,0.945802942980691
1,1,0.023296737022957023,0.950846220828385,0.02585704214865797
2,2,0.03331656555171114,0.14096906896669095,0.8257143654815978
1,1,0.0797528903735297,0.8145338946139341,0.10571321501253612
1,1,0.05241265551653405,0.9280713849969174,0.019515959486548523
1,1,0.0213594839941538,0.9266045666651224,0.052035949340724
2,2,0.09070926013976735,0.34453021608803136,0.5647605237722013
1,1,0.17186908315208874,0.6915822826602835,0.13654863418762775
1,0,0.978617146582743,0.020728434555626955,0.0006544188616299712
0,0,0.6299094319128931,0.3220396244920851,0.04805094359502182
1,1,0.07573500516294107,0.912854151808699,0.011410843028360032
2,2,0.1324036558671376,0.06534027195423368,0.8022560721786286
1,0,0.5317267799170763,0.2041341017032675,0.26413911837965626
1,1,0.14803814239093419,0.8078173225781811,0.04414453503088479
1,1,0.14658875085277975,0.8026559212022,0.0507553279450202
1,1,0.0919878568483648,0.8672937707008603,0.04071837245077489
1,1,0.05265240797182374,0.8290388262392681,0.11830876578890827
1,1,0.21590229358875707,0.53218675753829,0.25191094887295296
1,0,0.6568182545348089,0.3396491219259774,0.0035326235392136272
1,1,0.05275341001232659,0.8608344174695484,0.08641217251812508
1,1,0.019411679661971777,0.9545706865078313,0.0260176338301968
0,0,0.43168256643704944,0.29448395043375825,0.2738334831291923
0,1,0.439016303701524,0.48458451326822555,0.07639918303025048
1,1,0.3938106259112193,0.5278410561368635,0.07834831795191712
1,1,0.1590705725510156,0.7645633119416143,0.07636611550737002
1,1,0.0363846336405859,0.952501364311106,0.011114002048308137
1,1,0.1544489516383398,0.6888842004278186,0.1566668479338416
1,1,0.14340592322528564,0.7374780595805397,0.11911601719417478
0,0,0.6593869255089765,0.3238662035859511,0.016746870905072448
1,1,0.04615404548225333,0.8947009607709815,0.059144993746765254
2,2,0.014572339838149317,0.07330168605279845,0.9121259741090522
1,1,0.04772232274601887,0.8428718761435279,0.10940580111045335
1,1,0.05414189400886668,0.9058069650712339,0.040051140919899315
1,1,0.07448485175592753,0.8541044115756741,0.07141073666839838
1,1,0.020610592425765604,0.9683877195968595,0.011001687977374882
1,1,0.039380114608938324,0.9417174269252064,0.018902458465855122
1,1,0.1045535224852899,0.7787826893374364,0.11666378817727363
1,1,0.24490807802238487,0.7519791539562106,0.003112768021404412
2,2,0.04234698924104896,0.06414910861351186,0.8935039021454392
1,0,0.5958128905922824,0.272033976289914,0.13215313311780374
1,1,0.19194887617922057,0.7258343786562563,0.08221674516452315
2,1,0.030322426397259968,0.8622110948034833,0.10746647879925651
1,1,0.17600923549730105,0.64874865918981,0.175242105312889
1,1,0.28647281461577606,0.5777594707650626,0.1357677146191613
1,0,0.6972330193048588,0.29340386984307676,0.009363110852064422
1,2,0.15330033990563202,0.12489363887416956,0.7218060212201984
2,2,0.03544051969832891,0.1668722503345805,0.7976872299670905
1,1,0.025386840577377376,0.9502322250235103,0.02438093439911243
1,1,0.08597918927746988,0.8700509511473898,0.04396985957514028
1,1,0.080047293884026,0.7960915239689369,0.12386118214703719
1,1,0.22665229540233056,0.7543199913812759,0.019027713216393658
1,1,0.03540513819763817,0.9277711875353503,0.03682367426701169
1,1,0.1488904895623512,0.7164364399385568,0.13467307049909205
2,2,0.149261293284914,0.39622071152565624,0.4545179951894298
1,1,0.05174085299984024,0.903364683423349,0.044894463576810664
1,1,0.08300879510757411,0.9158523621970398,0.0011388426953859326
1,1,0.037188241564079925,0.9290961198193982,0.03371563861652187
1,1,0.005506557233300076,0.9924409279629062,0.0020525148037935925
1,0,0.5035706842861646,0.3430849757406719,0.15334433997316346
0,0,0.5795279145393225,0.2540302420185475,0.16644184344213
1,0,0.443827456732271,0.27139981187057904,0.28477273139715004
2,2,0.024832007591267732,0.032910373045755205,0.9422576193629771
1,1,0.10318875103475271,0.8315983496307201,0.06521289933452717
1,1,0.08176301601291935,0.868335783461624,0.04990120052545673
1,1,0.0728397065118317,0.688132839122792,0.23902745436537637
1,1,0.061968244027166275,0.8654670457570635,0.07256471021577014
2,0,0.5347016488976093,0.06729357891414207,0.39800477218824865
1,1,0.07108496081662771,0.8995993934414542,0.02931564574191808
1,1,0.08549769644596802,0.813774355509521,0.10072794804451099
1,1,0.08939376055074641,0.8995465532984386,0.011059686150815033
1,1,0.08190358048061976,0.8484393602955745,0.06965705922380554
1,1,0.04806445291800894,0.8535714702448819,0.09836407683710909
1,0,0.7701072059357771,0.20149559709431938,0.028397196969903508
1,1,0.0676605002503929,0.9070266732117749,0.0253128265378321
1,0,0.8165849990376371,0.17966143786470226,0.003753563097660553
1,1,0.09523725538678911,0.8962358626507636,0.008526881962447405
1,1,0.09108901919723321,0.6785777871504666,0.23033319365230015
0,1,0.25397570125140273,0.5533331899539241,0.19269110879467335
1,0,0.502084420822935,0.4675656268179976,0.030349952359067355
1,1,0.099513759416647,0.8457082201427826,0.05477802044057029
1,1,0.09615631172837188,0.8971485577965972,0.006695130475030934
2,2,0.026490904616535218,0.0265544308882333,0.9469546644952315
1,1,0.20388560892514707,0.7138447453664485,0.08226964570840448
1,1,0.03533976248444563,0.9588678745553891,0.005792362960165134
1,0,0.8355981288648414,0.15583484469471431,0.008567026440444268
1,1,0.09606026400021589,0.8407965821838475,0.06314315381593677
1,1,0.30024273228198567,0.5242478741082971,0.17550939360971726
1,1,0.18900087693577736,0.7381085674097668,0.072890555654456
1,1,0.020503542706036968,0.9552616598556611,0.024234797438301963
2,2,0.0605599990259704,0.41210186892246736,0.5273381320515622
1,2,0.0952889984713327,0.20014877754459842,0.7045622239840689
1,2,0.09871309148862255,0.12781082210619327,0.7734760864051842
1,1,0.2951151789655579,0.702299359264805,0.002585461769637046
1,1,0.12146021034479317,0.8361943937563435,0.04234539589886334
1,1,0.07423222942384697,0.8261428678458205,0.09962490273033264
1,1,0.02863169842448073,0.9221736406777261,0.049194660897793
1,1,0.17444233442764898,0.7032471993585285,0.12231046621382251
1,1,0.05171895802403721,0.9391669437654363,0.00911409821052655
2,2,0.1985963064977257,0.21452291549320918,0.5868807780090651
1,1,0.0777154935824535,0.9163638001508821,0.005920706266664333
1,2,0.10558442723005058,0.11949423960646922,0.7749213331634801
1,0,0.629688094357051,0.3661387569357904,0.004173148707158514
1,0,0.6378476795402095,0.3575835078030328,0.004568812656757781
1,1,0.07076807313097985,0.8833043058146175,0.04592762105440269
1,1,0.12323050356086605,0.8574013912005691,0.019368105238564783
1,1,0.16085001449933278,0.7882050446596414,0.05094494084102569
1,1,0.3331516109968932,0.6550959891957868,0.01175239980731999
1,1,0.009736319778388318,0.9897339675795622,0.0005297126420495431
1,1,0.0725285539135477,0.9205265688977055,0.006944877188746882
2,2,0.033178777568614135,0.16332183049184842,0.8034993919395375
1,1,0.05966633367523494,0.892849090747237,0.047484575577528096
1,1,0.2001977376193552,0.5777467602621026,0.22205550211854222
2,2,0.06535652196065363,0.06007702782538389,0.8745664502139625
1,1,0.19607286319061434,0.6322025750881906,0.17172456172119513
1,2,0.048356240769108064,0.17793256598852653,0.7737111932423654
1,1,0.01911155540984288,0.9751859833295149,0.005702461260642101
1,1,0.19145531186473935,0.7850910317452144,0.023453656390046252
1,1,0.20750347922753615,0.6035157481366318,0.1889807726358321
1,1,0.04377705543816608,0.5928223899953431,0.3634005545664908
1,1,0.07712440250275374,0.7691855038993871,0.15369009359785926
1,2,0.24673098843177477,0.361199507718698,0.39206950384952716
1,2,0.245311256981386,0.3161410839172369,0.43854765910137716
0,1,0.1912141174896021,0.599018825237752,0.20976705727264597
1,1,0.07583902546766574,0.8409481759683173,0.0832127985640171
1,1,0.2583609528960954,0.6406281038952563,0.10101094320864831
0,1,0.16259308160849262,0.7588147271961304,0.07859219119537691
1,1,0.046131765720382883,0.9152017499691033,0.038666484310513796
1,1,0.028293117761313758,0.8855726242825849,0.08613425795610137
2,2,0.08700846224649528,0.3655750067593476,0.5474165309941571
1,1,0.14536061713104145,0.7541092809343252,0.10053010193463326
1,1,0.05261335570975686,0.9432978935843698,0.004088750705873233
1,1,0.08766329211084088,0.8589450832305641,0.053391624658595094
1,1,0.09851068288143859,0.8633819479249549,0.038107369193606654
1,1,0.047670207472117455,0.9090497597943984,0.043280032733484186
1,1,0.19239172074178804,0.7499845703227129,0.0576237089354991
1,1,0.284958017597698,0.6587042885761073,0.05633769382619464
1,1,0.04035142287554074,0.9202011674570258,0.03944740966743346
1,1,0.17048312291392667,0.8056426525484254,0.023874224537647967
2,2,0.11498304978819267,0.09353264917374152,0.7914843010380658
2,2,0.04019683637240986,0.10625938541914086,0.8535437782084492
1,1,0.049199476084328425,0.8208280635674995,0.1299724603481721
1,1,0.10135513631427637,0.8548849294278611,0.04375993425786265
0,0,0.45183609320039847,0.2102271382273423,0.3379367685722593
1,1,0.12325350793526814,0.8659929683064732,0.010753523758258592
1,1,0.08439136694168255,0.7421682129519384,0.1734404201063791
2,2,0.11006564097624989,0.08879092809831118,0.8011434309254388
2,2,0.013993246164361234,0.05696275297649625,0.9290440008591425
1,1,0.1447121715481933,0.8542158659310408,0.001071962520766011
1,1,0.40396533907036364,0.5947429438420744,0.0012917170875619884
1,1,0.0783441827361172,0.7654501680155723,0.1562056492483105
1,1,0.06485088882340703,0.845910772228824,0.08923833894776892
2,2,0.011264311792557482,0.033610096805310116,0.9551255914021323
1,1,0.0995207023046371,0.8632329990653909,0.03724629862997205
1,1,0.05014832990448187,0.8857456773701717,0.0641059927253462
1,1,0.13520351486839807,0.861979511464508,0.0028169736670939907
1,1,0.15084665036342956,0.8199444605778408,0.029208889058729696
1,1,0.022896704328687546,0.9632225911512744,0.01388070452003818
2,2,0.08279517049207707,0.12458033555127229,0.7926244939566506
1,1,0.006201567947582548,0.9925526481143677,0.0012457839380497523
0,2,0.07768472887741645,0.12118514594724678,0.8011301251753368
1,1,0.0582613644901776,0.9397349222286161,0.0020037132812062495
1,1,0.047294295955858184,0.9477022792494829,0.005003424794658783
1,1,0.07399689730467109,0.9206322166998115,0.005370885995517279
1,1,0.07202481098401646,0.8828641346962466,0.045111054319736964
1,1,0.04457244221242779,0.9417457814195471,0.013681776368025032
2,2,0.05976274095344604,0.0885993399058249,0.8516379191407291
1,0,0.6738754948001466,0.3158188873555355,0.01030561784431806
1,1,0.3054160379331839,0.646883776465197,0.047700185601619094
2,2,0.16276009713992295,0.41019225322219877,0.4270476496378783
2,2,0.29940805934900555,0.1043797901768911,0.5962121504741034
1,1,0.1476395293738837,0.8165541318407986,0.03580633878531769
1,1,0.09310170072694467,0.8757856687440179,0.031112630529037545
1,1,0.1116455393891897,0.8644047096056766,0.023949751005133656
1,1,0.061571896782349006,0.9019243720650052,0.0365037311526458
1,1,0.04407178764301432,0.9395345864707455,0.016393625886240125
1,1,0.019438426029885086,0.9470037713612764,0.033557802608838325
1,1,0.25021668142329256,0.7278235934817233,0.021959725094984155
1,1,0.06814353027536267,0.8334770010615908,0.09837946866304637
1,1,0.1456233856874286,0.5129706745574338,0.34140593975513756
2,2,0.09975396063385475,0.09422389097380211,0.8060221483923432
1,1,0.21795852721119616,0.7793184963878425,0.002722976400961383
1,1,0.33724997021718256,0.3480421590940473,0.3147078706887702
1,1,0.32361055441508724,0.6730132372693302,0.003376208315582553
1,1,0.01958579203251642,0.9424230007607035,0.03799120720678013
2,2,0.006638533992198651,0.018811073964254212,0.9745503920435472
1,0,0.6038335925614677,0.26093321130809904,0.13523319613043316
2,2,0.09229555713003643,0.16779291803157467,0.739911524838389
1,1,0.06867620481684096,0.9281645001676029,0.0031592950155561266
1,1,0.18871912785949016,0.6717223406051797,0.13955853153533018
1,1,0.026353800465678708,0.9171490418813703,0.056497157652951054
1,1,0.17110362111337513,0.7494219364569901,0.07947444242963479
1,1,0.09307343367717215,0.8381958666643733,0.06873069965845457
1,1,0.32070388424981533,0.6582775088326008,0.02101860691758373
1,0,0.5035782481534087,0.49257795782675295,0.0038437940198382697
1,1,0.01302627287983429,0.9838347052939714,0.0031390218261942546
1,1,0.0689769566704919,0.9264861652919211,0.004536878037587018
1,1,0.12611731345270744,0.7027943957314823,0.17108829081581037
1,1,0.17476621463714648,0.80909184125742,0.01614194410543367
1,2,0.19437020277773462,0.3847122888481443,0.4209175083741211
1,0,0.48208168406833674,0.4257282552608148,0.09219006067084844
1,1,0.021861672641725227,0.8626481251001852,0.11549020225808969
1,1,0.08425531755175206,0.8871465051603826,0.028598177287865335
1,1,0.032862506776161114,0.924381572119463,0.0427559211043759
1,2,0.07657400382950728,0.3970184545868,0.5264075415836926
1,1,0.040554687362367,0.9372112932819285,0.022234019355704578
1,1,0.03198287807290898,0.9486092148907767,0.019407907036314294
1,1,0.10548422804409852,0.8524681259916661,0.042047645964235415
1,1,0.043894887397642,0.9303498957811531,0.02575521682120488
2,2,0.018231648207199833,0.037217740642331645,0.9445506111504685
1,1,0.05617005622861601,0.7506845134734793,0.1931454302979045
1,1,0.08252489805552096,0.8633534665004166,0.05412163544406257
2,2,0.13383024150262518,0.2065390912006635,0.6596306672967114
1,1,0.20238297149635698,0.6856951196368358,0.11192190886680721
2,2,0.2666077404688267,0.1024453606412483,0.6309468988899251
1,1,0.058884178492562174,0.8767021016886957,0.06441371981874214
1,1,0.07856921434743998,0.9027720274657802,0.018658758186779853
2,2,0.21732674784627662,0.27874270577729277,0.5039305463764305
1,1,0.1263753954243509,0.8214624616594851,0.05216214291616414
2,2,0.10096842531943265,0.03557350808040578,0.8634580666001616
1,1,0.028734859121263716,0.9620415159263233,0.009223624952413067
1,1,0.07096158159657974,0.7848571416778868,0.14418127672553355
1,1,0.1348734037360451,0.6906636481360953,0.17446294812785965
1,1,0.04511204269626906,0.8214809837895872,0.13340697351414377
1,1,0.08068567563150689,0.8355964158177792,0.08371790855071388
1,1,0.027468570783363545,0.9678414750827619,0.004689954133874609
2,2,0.16346701043955716,0.19251434400636336,0.6440186455540795
1,1,0.028756415825890756,0.8800625154531675,0.09118106872094174
1,1,0.25002102953247823,0.7210848470995911,0.028894123367930746
1,1,0.1624859756671098,0.7050728781803394,0.13244114615255084
1,1,0.14652469836915916,0.8106026507465444,0.04287265088429657
0,0,0.4946779288706045,0.037252341825981715,0.4680697293034138
1,1,0.04657585419366129,0.8907472406698198,0.06267690513651891
1,1,0.08325582086999489,0.9139506966092042,0.002793482520800752
2,2,0.0597872888444854,0.13486396842598328,0.8053487427295313
1,1,0.02103383391078468,0.9545595702417352,0.02440659584748018
1,1,0.03567022109617616,0.9529750739501612,0.011354704953662647
1,1,0.010573217286438678,0.9532510393178506,0.03617574339571075
1,1,0.13257332597343002,0.8439512947762965,0.0234753792502736
1,1,0.08146701049823762,0.8853005385215965,0.03323245098016595
0,2,0.02882699644767468,0.01958602469073819,0.951586978861587
1,1,0.117640133388011,0.7468241406713892,0.13553572594059968
1,1,0.06693420079492846,0.876510275563444,0.0565555236416275
1,1,0.19793321536110722,0.7895174707826751,0.01254931385621782
1,1,1.3210715319531704e-05,0.9999867892353742,4.930633763208242e-11
1,0,0.869293399855943,0.11573934480005187,0.014967255344005049
1,1,0.019613835131200807,0.9525711353827794,0.02781502948601986
1,0,0.7924167658372844,0.13728401101834342,0.07029922314437226
1,1,0.06737060669467534,0.7456429936949434,0.18698639961038127
1,1,0.023034973746513056,0.9044305352510815,0.07253449100240544
1,1,0.2107633839755006,0.681096686787209,0.10813992923729031
1,1,0.06295330835266334,0.9190706422313495,0.01797604941598738
1,1,0.01726272331442675,0.9605468892170849,0.022190387468488386
1,1,0.09847416367162498,0.8813883957110753,0.020137440617299725
1,1,0.06600985824890157,0.8580260805591526,0.07596406119194582
1,1,0.10836085186738677,0.8876522894657684,0.0039868586668448
1,1,0.17053889430052496,0.7571307391464878,0.07233036655298719
1,1,0.1336974228778578,0.8627020423014753,0.0036005348206669093
1,1,0.07820015009621024,0.8721638848077871,0.04963596509600271
1,1,0.33406315346327836,0.5844658247534841,0.08147102178323752
1,0,0.6586490898526705,0.1673480053131019,0.17400290483422776
1,1,0.20851204945796753,0.775223418398141,0.01626453214389147
1,1,0.013709959964357341,0.8647935797517975,0.12149646028384511
2,2,0.13376979873618958,0.23114810917078443,0.635082092093026
1,1,0.07789409868097853,0.8134682979025503,0.10863760341647122
1,1,0.031297945979287686,0.9519604202092515,0.016741633811460706
1,1,0.3083146241310831,0.643868641343059,0.04781673452585788
0,1,0.3944300784842144,0.5902144676595398,0.015355453856245854
1,1,0.48359575467180976,0.5134298883787248,0.0029743569494653896
1,1,0.0727197491533812,0.8710833979136999,0.05619685293291879
1,1,0.10307598013623702,0.8095384202564224,0.08738559960734057
1,1,0.05414629487919898,0.8873753331678481,0.05847837195295304
1,1,0.12106417581680086,0.8559765507796093,0.02295927340358988
1,2,0.04043156464462264,0.05484956529729774,0.9047188700580796
1,0,0.8254874410694123,0.11098760929186743,0.0635249496387203
2,2,0.3229009883301622,0.23644531925534792,0.44065369241449
0,0,0.8270727193026672,0.1422287077411517,0.0306985729561811
2,2,0.054223794115623905,0.13794122537191905,0.8078349805124571
2,2,0.01814061544048993,0.030923487954107695,0.9509358966054023
1,2,0.13752269087741267,0.036691396546722946,0.8257859125758644
2,2,0.04861608388951935,0.09156017458928314,0.8598237415211976
1,1,0.23152812783221863,0.7619635271474188,0.006508345020362659
1,1,0.2282313869609898,0.631820790054635,0.1399478229843751
1,1,0.38946450359410495,0.6044053986652289,0.006130097740666126
1,1,0.0949263503792628,0.9025231623230322,0.0025504872977050747
1,1,0.10151624403605419,0.764696607765561,0.13378714819838486
1,1,0.08128218850586161,0.8573423795870445,0.06137543190709401
1,1,0.15092315132968942,0.8280876323056527,0.0209892163646577
2,0,0.37188967124555694,0.30153214053390626,0.32657818822053675
1,0,0.49020410893058103,0.23107592211752395,0.2787199689518951
1,1,0.3475994067497828,0.6471454426565653,0.005255150593651823
0,1,0.2914520656805663,0.6678287240674637,0.04071921025196998
0,0,0.9134100181306074,0.07976962576419065,0.006820356105201934
1,1,0.02124392203165454,0.9346691234175032,0.04408695455084231
1,1,0.01585738500072845,0.9750184306049597,0.009124184394311627
1,1,0.07631234987789932,0.9124045646570709,0.011283085465029674
0,0,0.9509772002199194,0.04017170175945279,0.008851098020627758
1,1,0.12022943478051866,0.7094700424767951,0.17030052274268637
1,2,0.2204302092452543,0.3732655014527662,0.4063042893019794
1,1,0.07167643586727826,0.7915791164267935,0.1367444477059283
1,2,0.4397689238869386,0.0821554773186343,0.47807559879442707
1,1,0.14333633357817824,0.7537046490283661,0.10295901739345556
1,1,0.3170395811059408,0.45576303999608897,0.22719737889797015
1,1,0.13359067153808998,0.827328232770369,0.03908109569154085
1,1,0.17376395671186473,0.6874272640816399,0.13880877920649534
1,1,0.061548364366866615,0.8682565285378946,0.07019510709523878
1,1,0.20348593123453398,0.7868081222650425,0.00970594650042363
1,1,0.0772197737327767,0.787399817265653,0.13538040900157045
1,1,0.07507652763446249,0.8690582936906058,0.05586517867493163
0,0,0.6861314674330642,0.19861959772070667,0.11524893484622911
2,2,0.027738247142676486,0.0636934101999842,0.9085683426573392
1,1,0.023525750736251128,0.9609463771289017,0.015527872134847243
1,1,0.12798015831575632,0.7459685244033322,0.12605131728091143
2,2,0.022467589374602415,0.17601667540834318,0.8015157352170543
1,1,0.039286637978118974,0.9358752315779391,0.024838130443942008
2,2,0.02715248904047941,0.04016709558422189,0.9326804153752988
1,1,0.10201619288789607,0.8277503899029512,0.07023341720915266
2,2,0.02957724189961086,0.08090253616809938,0.8895202219322899
1,1,0.10101159076334744,0.8591425045669668,0.039845904669685794
1,1,0.015520617377988297,0.9805809303728108,0.0038984522492009174
1,1,0.06844629169227133,0.8049478423687324,0.12660586593899623
1,1,0.4012255378106027,0.5606637371058437,0.038110725083553565
1,1,0.03759884611947866,0.9039626100008635,0.058438543879657974
1,1,0.06538763748529623,0.8262076456343405,0.10840471688036331
2,2,0.19808621645090813,0.12114806111859514,0.6807657224304967
1,1,0.336168697845291,0.4640941878591909,0.19973711429551813
1,1,0.2739257379418555,0.6997108604648313,0.026363401593313174
1,1,0.10557827163242653,0.8783061799629986,0.01611554840457466
1,1,0.11827398812900959,0.816695899304178,0.0650301125668124
1,1,0.06619044802785809,0.9232542421197484,0.010555309852393556
1,1,0.3803240711094542,0.46727070048247554,0.1524052284080703
1,1,0.08103163693179224,0.8729543517757039,0.04601401129250377
2,2,0.03200665712218153,0.04610921963728527,0.9218841232405331
2,2,0.028133702575341,0.1619961582834163,0.8098701391412426
0,0,0.9064601143904247,0.03421499733074126,0.05932488827883392
1,1,0.02525685612975736,0.9547323085647162,0.020010835305526345
1,1,0.15968624389622027,0.8140012500213051,0.026312506082474617
1,1,0.3673429827270474,0.4197856568352784,0.21287136043767427
1,1,0.02611976934462921,0.9390747577688253,0.034805472886545584
1,1,0.02281584258897627,0.9325714658820929,0.04461269152893056
1,1,0.2649474729124668,0.7129994959182653,0.022053031169267916
1,1,0.19391608265123053,0.7532343503244128,0.05284956702435654
0,0,0.9291157984393206,0.0033137042443059884,0.06757049731637362
2,2,0.3573771225426073,0.07557912982601356,0.5670437476313792
1,1,0.03248148846372712,0.8150069904344361,0.15251152110183674
0,0,0.5395291843227695,0.3497978182863824,0.11067299739084803
1,0,0.47838839882016454,0.27644546907125134,0.24516613210858404
1,1,0.13926236337766,0.7711447729348747,0.08959286368746537
1,1,0.19419237927137079,0.5892268169947562,0.21658080373387284
2,2,0.07159272754643714,0.0710641720192459,0.857343100434317
1,1,0.013378535213492151,0.9827873387310958,0.0038341260554120367
1,1,0.2273431362405514,0.4415692381791875,0.3310876255802612
2,2,0.006836305564474611,0.047046837794183255,0.9461168566413422
1,1,0.3284420612912785,0.5506574019379092,0.12090053677081228
1,1,0.08187472761332658,0.865287965148008,0.05283730723866542
1,1,0.03938948488236876,0.8873106515393034,0.0732998635783278
1,1,0.08259778231068102,0.8789903570451298,0.03841186064418898
1,1,0.08668813240582385,0.804371580161594,0.10894028743258201
1,1,0.1927102322800507,0.720309499943878,0.08698026777607105
1,1,0.09536489464915217,0.8650103540080476,0.03962475134280036
1,0,0.5291662091618157,0.2424138406622461,0.2284199501759382
1,1,0.17272693871061848,0.7998921870421278,0.027380874247253637
1,1,0.0463410487559909,0.9464654155491087,0.00719353569490019
0,0,0.7900120657747531,0.1355137780666136,0.0744741561586332
1,1,0.02470464956480955,0.9542443915504857,0.021050958884704776
1,1,0.026951476092856756,0.9037740159505618,0.06927450795658126
1,1,0.030096335731352467,0.830602800383405,0.13930086388524254
1,1,0.031123348557943572,0.7620490758929808,0.2068275755490757
1,2,0.1665996377363636,0.27608415122086233,0.557316211042774
1,1,0.09242727346967676,0.7796010980318309,0.12797162849849233
1,1,0.019669637660838294,0.9545789267627629,0.025751435576398803
1,1,0.05569631280829591,0.8453192290489878,0.09898445814271613
2,2,0.030700878775797743,0.23043839244938177,0.7388607287748206
1,2,0.3382731111326214,0.1087318673661354,0.5529950215012432
1,1,0.042711726902738535,0.9246541091858249,0.032634163911436566
2,2,0.08675881491013691,0.09671360019411802,0.8165275848957451
1,1,0.02336264631812565,0.9543716823976424,0.022265671284231958
1,0,0.6439750665653339,0.34248870514820146,0.013536228286464601
2,2,0.0763161719776424,0.2030291313900517,0.7206546966323059
1,2,0.017087030892353004,0.15268087751969023,0.8302320915879566
1,1,0.41913336444724386,0.54562882493977,0.03523781061298617
1,1,0.11740882934058178,0.8103522598061879,0.07223891085323038
2,2,0.019637828445769494,0.017883103547636746,0.9624790680065937
1,1,0.07229562970620151,0.8056582884188732,0.12204608187492522
1,1,0.05464836689403538,0.510705245769312,0.43464638733665256
1,1,0.15137007507025524,0.7419673525000883,0.10666257242965643
1,1,0.12026957470660106,0.7632418489783727,0.11648857631502638
1,1,0.11736538946781581,0.8089864583262636,0.07364815220592047
1,1,0.07092134908260386,0.834938151992783,0.09414049892461308
1,1,0.16411073841072116,0.7334191208295489,0.10247014075972995
1,1,0.006703190766736507,0.9897228575390141,0.0035739516942491817
1,1,0.13062743198748578,0.8417369145393853,0.027635653473128914
1,0,0.8239894546765704,0.16876112191831757,0.00724942340511202
1,1,0.2731899199200032,0.5577187672966782,0.16909131278331846
1,1,0.06337321785213215,0.9214770192066133,0.015149762941254552
1,1,0.28993816067065464,0.49313086980193493,0.21693096952741053
1,1,0.10696050997607455,0.7368741077692348,0.15616538225469057
1,1,0.2396648431284511,0.46815605625171125,0.29217910061983754
1,1,0.08055441555136776,0.8930718902321492,0.026373694216483078
1,0,0.722804489722873,0.2462436032216556,0.030951907055471444
2,2,0.08355975347142018,0.036260703047396356,0.8801795434811835
1,1,0.02366293379521637,0.9697630745762469,0.006573991628536691
1,1,0.06752260207022372,0.9281785962321772,0.004298801697599032
1,1,0.17525269901565474,0.7782270337310195,0.04652026725332563
2,2,0.045729257824189795,0.026384594070799194,0.927886148105011
1,1,0.051517355219198056,0.9474928302908251,0.0009898144899768491
1,1,0.06232924096970649,0.9127888950987512,0.02488186393154225
2,2,0.09527101150374374,0.10377840953315165,0.8009505789631045
1,1,0.04524450940670223,0.9053754717046832,0.04938001888861454
1,1,0.05332989951570566,0.8865624420908913,0.06010765839340307
1,1,0.18597368076750523,0.7473678812273391,0.06665843800515561
2,2,0.00046851169218313905,0.004038272137962502,0.9954932161698544
1,1,0.04225059359409767,0.9376032029755802,0.020146203430322075
1,1,0.04916684518385863,0.9006585541466595,0.05017460066948184
2,2,0.029648010395375044,0.0987583535307897,0.8715936360738352
2,2,0.018626320690194584,0.032752829147047406,0.948620850162758
2,2,0.0938600355612091,0.22263032280331532,0.6835096416354756
0,0,0.6346936149904678,0.3461200636450241,0.019186321364508065
1,0,0.5220813568208003,0.26287470798853513,0.21504393519066461
1,1,0.09061385114740932,0.7176353985439059,0.19175075030868483
1,1,0.09220466021821368,0.8646635914314237,0.043131748350362716
1,1,0.05265150253644958,0.7734039308838039,0.17394456657974658
1,1,0.10134016786900299,0.860406870114713,0.03825296201628391
1,1,0.034797178904578424,0.9310864413042151,0.03411637979120655
1,1,0.1828095787082194,0.7982881736569594,0.01890224763482131
1,1,0.055322408599635546,0.9201071178446806,0.024570473555683828
1,1,0.035002289463025874,0.961513852826096,0.0034838577108782676
1,0,0.9977615328669771,0.002227407508004922,1.1059625017916422e-05
0,0,0.7956802791409926,0.19912820229272746,0.005191518566280006
1,2,0.01085236419183769,0.06293432576010274,0.9262133100480596
0,0,0.9383103956222025,0.055102969456303365,0.006586634921494059
1,1,0.0448332871879256,0.6685560643240048,0.28661064848806955
1,1,0.12630536368125245,0.8180459221429087,0.05564871417583879
1,1,0.06955434883479002,0.8815736669300903,0.048871984235119605
1,1,0.042859776199898204,0.9358282983607489,0.021311925439352914
2,2,0.023166968394349258,0.025261737895807757,0.951571293709843
1,1,0.035002221026861555,0.956973370779984,0.008024408193154278
1,1,0.09039942658896913,0.8065591145788081,0.10304145883222272
0,0,0.5986572457751294,0.20506288743423437,0.1962798667906362
1,2,0.03377514494998672,0.32163369884667947,0.6445911562033337
1,1,0.12669890309138984,0.6964791221520769,0.17682197475653336
1,1,0.12369369123185261,0.85204922175679,0.024257087011357294
1,1,0.08881586705462488,0.7678831897399857,0.14330094320538944
1,1,0.11278008940666762,0.866648813785223,0.02057109680810929
1,1,0.048503776039117145,0.7616859507189373,0.18981027324194558
2,2,0.045017996646909884,0.08010501653362283,0.8748769868194672
1,1,0.05707309283931706,0.831972441294224,0.11095446586645888
1,1,0.11204998361496561,0.8305554768491529,0.05739453953588156
2,2,0.0658178434516761,0.20577330906316996,0.7284088474851539
1,1,0.28896065267353843,0.5382555611251661,0.17278378620129548
1,1,0.06061696491277367,0.7806166770433018,0.15876635804392453
1,1,0.004549266963696165,0.9949510104508302,0.0004997225854736731
1,1,0.0975374349887487,0.8918502884969813,0.01061227651426998
1,1,0.030517800110951118,0.9102237431041016,0.059258456784947344
1,0,0.8493997834150204,0.10964499519541317,0.04095522138956647
1,1,0.033203190156113845,0.9487631429298938,0.018033666913992368
1,1,0.07569677944669817,0.9124563339750648,0.01184688657823714
1,1,0.260305657402815,0.7290835839580646,0.01061075863912033
1,1,0.01412684808950309,0.9840675167772654,0.0018056351332314832
1,1,0.011288583409845112,0.9787584860734286,0.009952930516726355
1,1,0.10823516527784816,0.7464285253376914,0.14533630938446046
0,0,0.5155419197304513,0.3306931706489843,0.15376490962056452
2,2,0.09105834537010941,0.11076762896538157,0.798174025664509
1,1,0.04896222604015523,0.9181009739911424,0.03293679996870242
1,1,0.19030242450961746,0.6677259517981362,0.14197162369224642
1,1,0.06483388550209647,0.9107863808533101,0.024379733644593636
1,1,0.2916536849830621,0.6423455465428375,0.06600076847410057
1,1,0.07065793197613886,0.8565544881901441,0.07278757983371707
1,1,0.0589025028972035,0.9359567391047138,0.005140757998082862
1,1,0.41004188353825766,0.5154937714358814,0.07446434502586094
1,1,0.06648589014244967,0.8725851342624595,0.06092897559509062
0,1,0.295474850897014,0.6634731453935657,0.04105200370942031
1,1,0.07757060505094934,0.8628420408901192,0.05958735405893134
1,1,0.10499870690186852,0.880686563536489,0.014314729561642373
1,1,0.07942292530106787,0.8352136763463138,0.08536339835261846
0,0,0.44569288921378564,0.40881210009575697,0.14549501069045745
2,2,0.028397356331925024,0.07655191407265717,0.8950507295954178
1,0,0.44702633983869433,0.19282979477223902,0.3601438653890665
1,1,0.35864623449938715,0.6202520379974866,0.021101727503126177
2,2,0.04648923911238669,0.0717220517748605,0.8817887091127529
1,1,0.03995354330782458,0.9533474541443342,0.00669900254784129
1,1,0.20044545722358023,0.770441105667355,0.029113437109064746
1,1,0.1723445456092125,0.7922821215256217,0.035373332865165905
1,1,0.008186008149895029,0.9917769845489288,3.700730117599941e-05
1,1,0.023003654876185466,0.9727882005048307,0.004208144618983839
1,1,0.35297386999215713,0.44187153909525917,0.20515459091258378
2,2,0.08493736915697409,0.15888579051249882,0.756176840330527
1,1,0.14433052099017468,0.84989353789549,0.005775941114335163
1,1,0.17621683960525625,0.8201812212816998,0.003601939113044001
1,1,0.3845688792117822,0.4775913041214617,0.13783981666675607
1,1,0.09503657705123683,0.8802578461685759,0.024705576780187206
1,1,0.179671884553368,0.4347042410172452,0.38562387442938684
1,1,0.16038279080763068,0.7988920432505077,0.040725165941861735
1,1,0.028695847828284472,0.8147942080739463,0.1565099440977693
2,2,0.20008037565793438,0.1697355833963613,0.6301840409457043
1,1,0.25062852376867817,0.4682475758063041,0.2811239004250177
2,2,0.03647537447065777,0.050481344210964556,0.9130432813183776
1,2,0.28375504753835834,0.2948408891954367,0.4214040632662049
1,1,0.08013773751958704,0.8903191736826678,0.029543088797745004
1,1,0.07835737174811307,0.8793022917716397,0.04234033648024734
2,2,0.063491522559009,0.015328230359546476,0.9211802470814445
1,1,0.05040674152917612,0.9347518051498519,0.014841453320972049
1,1,0.004096621646177848,0.9903279521297997,0.005575426224022354
1,1,0.05850814399808268,0.9173451659575009,0.024146690044416354
2,2,0.35552545121390383,0.18866643884993403,0.4558081099361623
0,0,0.9977615328669771,0.002227407508004922,1.1059625017916422e-05
2,2,0.21937125688034378,0.2180040896222352,0.5626246534974211
1,1,0.1087680586346296,0.8593565516608936,0.03187538970447668
1,1,0.04038870185334786,0.9386991261682143,0.02091217197843774
1,1,0.06548118748890727,0.8217778948595459,0.11274091765154665
1,1,0.17617632371947906,0.8011143148891458,0.022709361391375256
1,2,0.03856984150559913,0.44929729251031314,0.5121328659840877
1,1,0.13177007220007797,0.8656737710960332,0.002556156703888748
1,1,0.20344400646985186,0.7903130733618758,0.006242920168272266
1,1,0.16000722061228914,0.82320525368566,0.01678752570205081
1,1,0.1307346206984689,0.5146181375484553,0.3546472417530758
1,1,0.20894624929691355,0.7059431615855013,0.08511058911758511
1,1,0.2604584981510402,0.39471645682102613,0.3448250450279336
1,1,0.05981480376048869,0.8308394999838088,0.10934569625570259
1,0,0.5753004455470873,0.4093762843614275,0.015323270091485314
1,1,0.06260565350160206,0.7999207394466372,0.13747360705176065
1,1,0.011516714900882892,0.9860102851139343,0.002472999985182836
2,2,0.09975887428081359,0.29144924350090456,0.6087918822182817
1,1,0.10103278214578101,0.7557587073220177,0.14320851053220132
1,1,0.02729203996543136,0.94154672614942,0.03116123388514866
1,1,0.31059265932206803,0.6235777118116225,0.06582962886630941
1,1,0.0988048010500486,0.7541686505675882,0.1470265483823632
1,1,0.02322472808553897,0.9445151555816415,0.03226011633281971
1,1,0.09623638134390047,0.827967052085866,0.07579656657023368
1,1,0.09761059300765214,0.7449915635980512,0.15739784339429658
1,1,0.026280361321930183,0.9734750458191419,0.000244592858928008
2,2,0.04605737150087037,0.02326658553727529,0.9306760429618545
1,1,0.03231937140048368,0.9418918208176142,0.025788807781902057
0,1,0.1796485345728427,0.8112142716118295,0.00913719381532775
1,1,0.060576445171797534,0.8858141288869475,0.05360942594125504
2,2,0.032466474484866184,0.05808262800057892,0.909450897514555
2,2,0.02919569552632605,0.07836288409063827,0.8924414203830356
1,1,0.14987642774477353,0.7356215197997985,0.11450205245542809
1,1,0.039290589621059906,0.8287857365355513,0.13192367384338874
1,1,0.15222718583156236,0.6939645561463722,0.15380825802206546
1,1,0.044847564105336586,0.9267618009162509,0.0283906349784126
1,1,0.048807547150709396,0.8711661449954131,0.08002630785387739
1,1,0.005707628682870507,0.990534018469906,0.0037583528472235274
1,1,0.07147137568079281,0.9163060475220842,0.012222576797123045
1,1,0.020556608035273045,0.9290836749726653,0.05035971699206152
2,2,0.1245044718904757,0.0883710136160357,0.7871245144934886
1,2,0.04579056657638327,0.3005677878600202,0.6536416455635966
1,1,0.1210488547180146,0.7186988458305481,0.16025229945143737
1,1,0.43563395886583467,0.46208656424027394,0.10227947689389152
1,1,0.05170189118480826,0.7700786039547944,0.17821950486039737
1,1,0.03600433139339554,0.9498264040188755,0.014169264587728917
2,2,0.04642285552420099,0.12425592869937516,0.8293212157764239
0,0,0.8891730191055994,0.10214051883468851,0.008686462059712036
1,1,0.07947318069423445,0.7799662324918654,0.1405605868139001
1,1,0.026741502472316013,0.9722423596400704,0.001016137887613494
1,1,0.04732387864043273,0.9460059242503926,0.006670197109174682
1,1,0.04294836896364208,0.9187077550661764,0.03834387597018157
1,0,0.45251817307198217,0.24517070711281616,0.30231111981520176
1,2,0.0878902067653714,0.27148015578920803,0.6406296374454205
2,2,0.4282995070431165,0.05477104534746022,0.5169294476094234
2,2,0.07945838217218373,0.04270635270267026,0.8778352651251461
1,1,0.1611085674728807,0.4475028064613287,0.39138862606579056
1,1,0.05151155706015811,0.8839847506311335,0.0645036923087083
2,2,0.048091915570770104,0.26889633134156904,0.6830117530876608
2,2,0.034642101939993265,0.02344727017391025,0.9419106278860966
1,1,0.012717527687615582,0.9712569168342058,0.01602555547817857
1,1,0.056493677935578385,0.8604737387494374,0.08303258331498432
1,0,0.9951247882465851,0.004800486148742437,7.472560467238519e-05
1,1,0.03874514447730025,0.8796986144762118,0.08155624104648802
2,2,0.005380169580675383,0.015287223944337767,0.9793326064749868
2,2,0.032184897266168966,0.028225176816222428,0.9395899259176087
1,1,0.07972686430146092,0.7953034780677066,0.12496965763083237
1,1,0.024404655209819173,0.6132369371486622,0.3623584076415186
1,1,0.052006937854810434,0.8726150755503419,0.07537798659484768
1,0,0.6594410871736803,0.29342471374986123,0.047134199076458466
1,1,0.21830865817230674,0.7458861720480603,0.035805169779632995
1,1,0.4222231091258504,0.46621938083081826,0.11155751004333131
1,1,0.014831536159441997,0.9518238564237549,0.033344607416803194
1,2,0.3216914850041774,0.20550807014379044,0.47280044485203215
2,2,0.0063181038139517144,0.0005932961979062134,0.9930885999881421
1,0,0.5845648128860134,0.05416418254601191,0.3612710045679747
1,1,0.19974725983729638,0.7753975363915816,0.024855203771121995
1,1,0.0505670472377268,0.9138776293132602,0.03555532344901295
0,0,0.4045758330194422,0.23751292762125467,0.3579112393593032
1,1,0.02528724788973609,0.9180395500603408,0.0566732020499231
1,1,0.0658538256203337,0.8627704721197585,0.07137570225990765
1,1,0.03089154383705431,0.9673468993413374,0.0017615568216082162
2,2,0.0063181038139517144,0.0005932961979062134,0.9930885999881421
1,1,0.047437802989574056,0.9314428785317374,0.021119318478688483
1,1,0.033090593203977274,0.9575642445711843,0.009345162224838456
1,1,0.023005708972027385,0.9591163494307756,0.017877941597196967
1,1,0.11097597902728161,0.8526225380975304,0.036401482875188115
1,1,0.05527439977187021,0.9347956793333239,0.009929920894806094
1,1,0.13439442422144415,0.7167313837288919,0.1488741920496639
0,2,0.27759470880390136,0.31024479936019667,0.41216049183590187
0,2,0.2667174263000459,0.19304854197560806,0.5402340317243459
1,2,0.1424189705548428,0.3633917733481176,0.4941892560970396
1,1,0.11450439523517539,0.8387812831837349,0.04671432158108968
2,2,0.024039391747108393,0.18982904851019677,0.7861315597426948
1,1,0.0803211397330984,0.8767438494746485,0.04293501079225316
1,0,0.4698429868131306,0.38061107891337687,0.1495459342734925
2,2,0.012977057720192893,0.01964035693084113,0.9673825853489659
1,1,0.052567697304411985,0.8822644481838612,0.0651678545117269
1,1,0.11066345657363857,0.8728438716339885,0.01649267179237296
1,1,0.3268368790182954,0.5399733855178329,0.13318973546387178
1,0,0.4539265166796267,0.4496153417736358,0.09645814154673743
2,2,0.015215279056791906,0.023672168908540566,0.9611125520346675
2,2,0.04297156805811011,0.305629480868429,0.6513989510734609
1,1,0.034627943417534966,0.9526407145047708,0.012731342077694304
1,1,0.02739101413087804,0.8946935564496088,0.07791542941951299
1,2,0.17386512168241244,0.0953055927398488,0.7308292855777387
1,1,0.1068106404133854,0.8437099835404556,0.04947937604615913
1,1,0.04900845079778544,0.9474905466756809,0.0035010025265337025
1,1,0.002354424496186007,0.9976282357500689,1.7339753745132862e-05
1,1,0.02597780117247541,0.9432214395304573,0.030800759297067132
1,1,0.23078322706508309,0.6044467545886345,0.1647700183462825
1,1,0.0790030561084145,0.9152515351454175,0.005745408746167932
2,2,0.04702822743664023,0.13974615574876198,0.8132256168145977
0,2,0.05531802498429294,0.1743432072842885,0.7703387677314186
1,1,0.04744571766188297,0.88737415093589,0.06518013140222705
1,1,0.10165324925735658,0.7849424216321745,0.11340432911046887
1,2,0.1829386081650198,0.09942890508338129,0.717632486751599
2,1,0.018063520519620815,0.9508293385748543,0.031107140905524956
1,0,0.6471819062931554,0.3357284683003091,0.01708962540653557
1,1,0.007910237692761703,0.9907888915454615,0.0013008707617767595
1,1,0.36699974284809805,0.6304737694623727,0.0025264876895293117
1,1,0.024328758550040828,0.946243534627733,0.029427706822226115
1,1,0.16380366186803652,0.6971081405180781,0.13908819761388544
1,1,0.027304441233852665,0.9682659807360913,0.004429578030056062
1,1,0.016609652173817987,0.975934492468591,0.00745585535759084
1,1,0.06474629667541851,0.8655423839823302,0.06971131934225132
2,2,0.13980458477115212,0.3072962047728468,0.5528992104560011
1,1,0.28265380830931797,0.6054007873588878,0.11194540433179413
0,1,0.11982084525956166,0.7080678860997655,0.17211126864067275
1,1,0.1362615366883354,0.8364615298515771,0.027276933460087506
1,1,0.08148798965487108,0.8665347572796473,0.05197725306548167
1,1,0.063182283825832,0.840845199828399,0.09597251634576896
1,1,0.026076843215520173,0.9385423861178548,0.03538077066662497
1,1,0.091766186307283,0.8366779852152342,0.07155582847748299
1,1,0.14212461677206142,0.7883727680019841,0.06950261522595447
1,1,0.0600920817391462,0.9039692252352928,0.0359386930255611
1,1,0.058508830435366276,0.940118485578025,0.0013726839866086693
1,1,0.22919957514358494,0.5137302709879388,0.25707015386847626
1,1,0.04104637358185857,0.927566270598879,0.03138735581926253
1,1,0.12246510091279866,0.7878482125456328,0.08968668654156856
1,1,0.11962485736958241,0.8395804744899911,0.04079466814042643
2,2,0.04611493302839909,0.08231596809968177,0.8715690988719192
1,1,0.04253189105757159,0.9314492355154319,0.02601887342699648
1,1,0.172045004209231,0.6816154692633057,0.1463395265274632
2,2,0.0961519574170428,0.30258980480815595,0.6012582377748011
0,0,0.7312177645169441,0.14721122277720555,0.12157101270585044
1,1,0.08800689631613788,0.8574168788526603,0.05457622483120184
1,1,0.07973556757212472,0.8063156848086899,0.11394874761918553
1,1,0.1432811267064104,0.7390843883669399,0.11763448492664973
1,0,0.7916426147836964,0.18439130286760194,0.02396608234870178
1,1,0.1580116692584266,0.6999230629982598,0.14206526774331363
1,1,0.04778597439315918,0.9156274148251947,0.03658661078164617
1,1,0.38361308313446263,0.5145222292467944,0.1018646876187431
1,1,0.16197913455307741,0.76757225375461,0.07044861169231265
1,1,0.12516545400476434,0.7971600769843519,0.0776744690108837
1,1,0.06155025865174188,0.8949491589097307,0.043500582438527564
1,1,0.0001619880901957282,0.9998368058088577,1.2061009466757968e-06
1,1,0.05475353652050139,0.9279204019499461,0.017326061529552704
1,1,0.06911467761268138,0.9082958204708251,0.02258950191649339
1,0,0.7895358593799783,0.17321593190776455,0.03724820871225709
2,2,0.03111170640320735,0.048496336451963204,0.9203919571448295
1,1,0.07615118777288472,0.8215632528517625,0.1022855593753528
1,1,0.015599196146621617,0.9747192995391305,0.009681504314247863
1,1,0.09437376367388893,0.8137956227317594,0.09183061359435161
0,1,0.2861669979647162,0.6979704612092288,0.01586254082605509
1,1,0.03194104111089756,0.9483342469805798,0.019724711908522645
1,1,0.03699572052041144,0.9622430401686783,0.0007612393109102416
1,2,0.044034381064825656,0.08614679344033624,0.8698188254948382
1,1,0.018851334001651083,0.9730531786382136,0.008095487360135266
2,2,0.05383170214354307,0.17991799590104104,0.7662503019554159
1,1,0.032837753549814795,0.9626607754341028,0.004501471016082423
1,1,0.06110905675820468,0.8948602710169298,0.044030672224865564
0,0,0.5895673216857122,0.35347326070725743,0.05695941760703039
1,1,0.049960234857283826,0.9162622080171464,0.03377755712556975
1,1,0.05420849853605107,0.9035230918773316,0.04226840958661754
1,1,0.04163846373251861,0.8611531199719166,0.09720841629556495
1,1,0.3512905954206383,0.39138264679114965,0.2573267577882121
1,1,0.01803115341757564,0.973217853657589,0.008750992924835386
1,1,0.35511965796385303,0.5784037547896546,0.06647658724649246
2,2,0.03711312144444767,0.24540611814156243,0.7174807604139899
1,1,0.04706133601042004,0.8926049329892108,0.06033373100036909
1,1,0.09437731772482164,0.8736282610204712,0.03199442125470733
1,1,0.08092809600926801,0.8989597217872763,0.02011218220345572
1,1,0.19652906491319433,0.7802795530701192,0.023191382016686513
1,1,0.1131956748216161,0.8628281692567287,0.023976155921655373
1,1,0.07182849114625008,0.9081317662665969,0.02003974258715313
1,1,0.03057966647778091,0.9601716458407228,0.00924868768149614
1,1,0.3829312766364688,0.5993442898078043,0.017724433555726855
1,1,0.47411317184721213,0.5209111310814976,0.004975697071290173
2,2,0.2652837731621191,0.24736798127881282,0.48734824555906797
1,1,0.01607542745837392,0.9824866561684521,0.0014379163731739252
1,1,0.11511344803069526,0.7773473156102624,0.10753923635904243
1,1,0.08143972383783504,0.7459646269933878,0.17259564916877704
2,2,0.09896748855552344,0.1292337948035239,0.7717987166409526
2,2,0.02749764360553609,0.05862781286858107,0.9138745435258828
1,1,0.1130480103948068,0.8207795993174491,0.06617239028774416
1,1,0.1374531869038448,0.7265358973440862,0.13601091575206914
1,1,0.2624372097832094,0.6990897486409988,0.03847304157579177
2,2,0.022950497063227552,0.014458681411386554,0.9625908215253859
1,1,0.2693047727347532,0.6603440905322474,0.07035113673299936
0,1,0.19334353382494926,0.7603155029154561,0.04634096325959461
1,2,0.22114517639683523,0.32784532662299815,0.4510094969801667
1,1,0.18843180590296318,0.7799508501053029,0.03161734399173396
1,1,0.15667470292253147,0.8110430056393859,0.032282291438082596
1,1,0.01479165155152604,0.927917303381738,0.05729104506673586
0,0,0.8008870628935372,0.17209235509743623,0.02702058200902652
2,2,0.011371619395235521,0.024876050627563113,0.9637523299772015
1,1,0.014814307982421353,0.9805508513287354,0.004634840688843281
2,2,0.07481139557470216,0.18068927119140787,0.74449933323389
1,1,0.06119603798010335,0.7518480627514197,0.1869558992684769
1,1,0.02472785085702786,0.9592869954314004,0.0159851537115717
1,1,0.39731985192564906,0.5769462464262324,0.02573390164811864
1,1,0.1791173238343315,0.6742386647935678,0.1466440113721007
0,1,0.23364327600452886,0.7574769784021598,0.008879745593311485
1,0,0.7287725202667614,0.18653175216847181,0.08469572756476668
1,1,0.2530246692203667,0.7235895220918946,0.0233858086877388
2,2,0.17517382471206963,0.1541350553476368,0.6706911199402935
1,2,0.24347101566842747,0.10752428965070782,0.6490046946808647
1,1,0.07601398678160337,0.8957609805129242,0.028225032705472424
1,1,0.06232144004105857,0.8339140984333657,0.10376446152557574
2,2,0.014295332529364263,0.047102447827846956,0.9386022196427887
1,1,0.06159515873374081,0.9207029576682723,0.017701883597986988
1,1,0.06837570072262095,0.8971626329276908,0.034461666349688266
1,1,0.2724912261679214,0.4367139406634017,0.29079483316867694
2,2,0.034102849308201774,0.1658276683372026,0.8000694823545956
1,1,0.04080080277874221,0.9545967260951037,0.004602471126153973
1,1,0.06563069836181148,0.5572505812881912,0.3771187203499972
2,2,0.1263755522932571,0.18043085228175507,0.6931935954249878
1,1,0.09434458339879936,0.8515865630710328,0.05406885353016781
1,1,0.13483860337040945,0.7464783914600823,0.11868300516950825
1,2,0.07244853413114051,0.40350277419292585,0.5240486916759336
1,1,0.19863838238033998,0.7687061739767571,0.032655443642902876
1,1,0.26052489917873656,0.7350785735300908,0.004396527291172696
1,1,0.16828047226328507,0.6197548731446343,0.21196465459208058
1,1,0.021827103936359324,0.9035618113965009,0.07461108466713988
1,1,0.0573704162355461,0.9232824146600948,0.01934716910435915
1,1,0.32859813799337867,0.5262398577163528,0.14516200429026846
1,2,0.1371309725343148,0.412986726495768,0.44988230096991705
1,0,0.575264430823236,0.14818252127507298,0.2765530479016911
2,2,0.0693800000556782,0.06943949510841758,0.8611805048359042
1,0,0.6252181921519839,0.3729062936560557,0.001875514191960427
1,1,0.0008797990141514787,0.9988979308647482,0.00022227012110039748
1,1,0.10014480183789125,0.798919766523548,0.10093543163856075
1,1,0.18893270780476132,0.4347475179832962,0.37631977421194246
2,2,0.034654175151428865,0.11844496223926534,0.8469008626093057
1,2,0.03450654515718401,0.41599462680838384,0.5494988280344322
1,1,0.3543263836665618,0.6335194095428069,0.01215420679063121
2,2,0.031323892972339784,0.19007293730018943,0.7786031697274708
0,0,0.9770461182780364,0.02234659708536534,0.0006072846365983224
1,1,0.19339785958814285,0.7120796390414261,0.09452250137043097
1,1,0.0001619880901957282,0.9998368058088577,1.2061009466757968e-06
1,1,0.14410634791146587,0.7539995371083025,0.10189411498023174
1,1,0.027558607613447725,0.9016992951910241,0.07074209719552824
1,1,0.12000253890117646,0.7823647196235406,0.09763274147528303
1,1,0.1446775567617206,0.7455312960516189,0.10979114718666054
1,1,0.21653004456172287,0.6955669377947306,0.08790301764354655
2,2,0.06763504849080623,0.26868926370209584,0.6636756878070978
2,2,0.17238650218516535,0.1557812869021131,0.6718322109127215
2,2,0.02090993648803228,0.07142279776848019,0.9076672657434874
1,1,0.11527071505842838,0.5502489070236567,0.33448037791791496
1,1,0.22192655932616298,0.7146120175260909,0.06346142314774617
1,1,0.29396817045471196,0.6137158894143929,0.09231594013089504
1,1,0.06878876778909179,0.9027341745146039,0.028477057696304226
1,1,0.005333871980916919,0.994585644713307,8.04833057762252e-05
1,1,0.08486413355808992,0.8756713823186589,0.039464484123251216
1,1,0.2159030082894549,0.7000848648599699,0.08401212685057509
2,2,0.04350461370382475,0.07008132286229717,0.8864140634338781
1,1,0.030405953139589954,0.9343787831623566,0.035215263698053556
1,1,0.06306942843201566,0.9286830395134978,0.00824753205448668
1,1,0.13476575506332852,0.8455556078018146,0.0196786371348568
1,1,0.03857356476780736,0.9454433005342618,0.015983134697930806
1,1,0.12489340868016581,0.7988408903649987,0.07626570095483555
1,1,0.03868373473983872,0.8767131648563183,0.08460310040384288
2,2,0.019729654580580104,0.023543623534993705,0.9567267218844262
1,1,0.04506226456089157,0.9470228041113645,0.007914931327743745
1,1,0.24576626882107463,0.6787811298648164,0.075452601314109
1,1,0.11659778583581132,0.7733916147066648,0.11001059945752394
1,1,0.2956988641621618,0.673133299139893,0.03116783669794529
1,1,0.04974992801821026,0.9356980903618142,0.014551981619975481
1,2,0.06846757954713188,0.32761675136761487,0.6039156690852532
1,1,0.06849604115975988,0.8642391065331311,0.06726485230710903
1,1,0.11338767799809218,0.6688169945122167,0.21779532748969127
1,1,1.3210715319531704e-05,0.9999867892353742,4.930633763208242e-11
1,1,0.12006706421330655,0.7337586259976678,0.14617430978902554
1,1,0.08206054771279218,0.5413512535042524,0.3765881987829555
1,1,0.06834889894253149,0.8566533839713765,0.0749977170860919
2,2,0.0308613892759226,0.03604170142949964,0.9330969092945778
1,1,0.043099164145434236,0.9342932005354264,0.022607635319139223
1,0,0.5506889762392534,0.1604220017809781,0.28888902197976857
1,1,0.049743168007950256,0.9113479488600279,0.038908883132021795
1,1,0.2630652409009873,0.6552594880910526,0.08167527100796007
1,1,0.08745756632391324,0.8574737713020951,0.05506866237399174
1,1,0.026728920303003938,0.9658738319234674,0.007397247773528767
1,1,0.09289586078140911,0.8889336885578707,0.018170450660719997
2,2,0.019966192795812205,0.06557779333925641,0.9144560138649314
1,1,0.20784461743935922,0.7713697365340384,0.02078564602660224
2,2,0.14574321428771733,0.32795463632501465,0.526302149387268
2,2,0.002313340047483074,0.0036082425107429547,0.9940784174417738
1,1,0.04977458125536595,0.8734501975058853,0.07677522123874889
1,1,0.14443941493787507,0.7966700947030947,0.05889049035903019
1,1,0.23368938681687104,0.7126530311126742,0.053657582070454804
1,0,0.47342832082662406,0.35398140060135713,0.1725902785720187
2,2,0.1573851659174324,0.11541704930606472,0.7271977847765029
2,2,0.019673808591531297,0.013864059672266092,0.9664621317362025
2,1,0.2481234371703168,0.585709979063136,0.1661665837665471
2,2,0.09531587381544071,0.09779233623124349,0.8068917899533157
1,1,0.06411991052212188,0.9145295757294978,0.021350513748380366
2,0,0.4013741255264884,0.22574135659282255,0.37288451788068905
1,1,0.13636487312927248,0.7120613101572207,0.1515738167135067
1,1,0.2765711716573751,0.4293857541407859,0.294043074201839
1,1,0.1533792113346726,0.8345379792201575,0.012082809445169889
2,0,0.6371750760613215,0.18445279103262502,0.1783721329060535
1,2,0.140103339662532,0.41900573118368456,0.44089092915378353
1,1,0.06281589683940117,0.9308184603252798,0.0063656428353188734
1,1,0.32543924599273766,0.41065941261754774,0.26390134138971466
1,1,0.05248536055404785,0.868977656220756,0.07853698322519614
1,1,0.11645797224858624,0.8342833855364834,0.04925864221493027
1,1,0.08981396271399253,0.86770620855951,0.04247982872649756
1,1,0.24326299684158273,0.6525807403908241,0.10415626276759304
2,2,0.010043552301932237,0.05451876975998507,0.9354376779380826
1,1,0.06654034836239098,0.5826028442170658,0.35085680742054326
1,1,0.03362869665023587,0.9600797233801102,0.006291579969653985
1,1,0.14397863619202345,0.7385229051969407,0.11749845861103576
1,1,0.03774200028759911,0.9445633428512253,0.01769465686117546
2,2,0.33013784806280005,0.2757698953406533,0.39409225659654656
2,2,0.11735670357861586,0.08244450471899971,0.8001987917023844
2,2,0.1384283259476364,0.1532007066184714,0.7083709674338922
0,1,0.1348411322188441,0.8555842322327808,0.00957463554837511
1,0,0.6415070401850852,0.10467166840210765,0.25382129141280724
2,2,0.0690210917027222,0.08748643322803319,0.8434924750692446
2,2,0.20346930920050788,0.13175355415161588,0.6647771366478763
1,1,0.101565017843788,0.8348021986940363,0.06363278346217564
1,1,0.0422240362506744,0.9528949640553059,0.004880999694019681
1,1,0.015202958302606697,0.9712959714061513,0.013501070291242053
2,2,0.01623425898784041,0.021343390160641514,0.9624223508515181
1,1,0.06146027550065451,0.9180302191574907,0.020509505341854643
2,2,0.028681126581417946,0.06146318995356172,0.9098556834650204
2,1,0.14739622905481473,0.4523300811017564,0.4002736898434289
1,1,0.26957602874038833,0.6949072034744064,0.03551676778520513
1,2,0.054801117311081005,0.19302295162461192,0.7521759310643071
0,1,0.1877508507451859,0.431497173800134,0.38075197545468004
1,1,0.37898460279544227,0.4934918286027146,0.12752356860184316
1,1,0.028108205635468442,0.8556526998559977,0.1162390945085339
2,2,0.19809346079030454,0.12135525396074238,0.680551285248953
1,1,0.08966313374828078,0.847250657458761,0.0630862087929582
1,1,0.022567187350908093,0.9531183192912678,0.024314493357824107
1,1,0.04879319880677887,0.8543468313745277,0.09685996981869337
1,1,0.23477975503334542,0.6220436237243768,0.14317662124227773
1,1,0.08180847191668282,0.748938477969653,0.16925305011366418
1,1,0.14750231559784446,0.7848818306724239,0.0676158537297318
2,2,0.055569753612463746,0.15045141264445824,0.7939788337430781
1,1,0.1541121072411267,0.8046717021895408,0.04121619056933273
1,1,0.09925560037298871,0.75945623903318,0.14128816059383123
1,0,0.4606706269646718,0.24616073463579738,0.29316863839953083
1,2,0.10582478947352753,0.21216160426446715,0.6820136062620054
1,1,0.05277293853904054,0.9417207720568939,0.005506289404065425
2,2,0.0775402188640115,0.17697784073614045,0.745481940399848
1,1,0.15785667677846876,0.7971837601956119,0.044959563025919344
1,1,0.2933580814304721,0.7038050498149195,0.002836868754608255
2,2,0.02806390913902602,0.02519930611605695,0.9467367847449171
1,1,0.02392071348675478,0.9565890691686357,0.019490217344609394
2,2,0.06676333732560161,0.039117333929796286,0.894119328744602
1,1,0.08566420309447904,0.8236939727272784,0.09064182417824276
1,1,0.20292592823791064,0.7949151756448694,0.0021588961172201524
1,1,0.024411119201733944,0.9644740706973849,0.011114810100881257
1,1,0.12834049348418458,0.5417153272439017,0.32994417927191383
2,2,0.17539672454395144,0.10054886675263204,0.7240544087034164
1,1,0.09132688153041987,0.8239093667475881,0.0847637517219921
1,1,0.26497042241214436,0.7225855683745132,0.012444009213342514
1,1,0.11915901183634699,0.696424482005541,0.18441650615811206
1,1,0.039588494843486276,0.8544315237149572,0.10597998144155657
1,1,0.15992261251846965,0.4429717395910659,0.39710564789046443
1,0,0.978593524920597,0.01134766927456357,0.010058805804839265
1,1,0.04783994345138722,0.8468669325436783,0.10529312400493458
2,2,0.108306226213965,0.16151104106582212,0.730182732720213
1,1,0.01843547714909024,0.9744572083866272,0.007107314464282462
1,1,0.08691332730289655,0.8937037592868206,0.01938291341028292
1,1,0.08085864375421169,0.6412421811203973,0.277899175125391
2,2,0.21026764588531702,0.17915755490888743,0.6105747992057956
2,2,0.06918836455957768,0.0889984256626522,0.8418132097777701
1,0,0.7780158326759435,0.22056805050492145,0.0014161168191349546
1,1,0.010038086204835742,0.9887600037626505,0.0012019100325138402
1,1,0.12970222943503817,0.860481329340201,0.009816441224760886
2,2,0.11600754003829677,0.19859751039811485,0.6853949495635885
1,1,0.17730407359902295,0.8163060278697352,0.006389898531241957
1,1,0.0560542852047353,0.9028913956450599,0.04105431915020468
2,2,0.22725378938680643,0.0750660068401113,0.6976802037730823
1,1,0.09028774008329106,0.8425514063502769,0.06716085356643216
1,1,0.0385686523411108,0.9588767323784237,0.002554615280465605
0,0,0.8799109381643602,0.0787098341350661,0.04137922770057376
1,1,0.04934514722846635,0.8289776141239441,0.12167723864758943
1,1,0.08443606907968743,0.824788675871439,0.09077525504887349
1,2,0.07216591606282989,0.33070385440573946,0.5971302295314307
1,1,0.04932027897315577,0.9303115692813918,0.020368151745452298
1,1,0.2824707472094527,0.5015508009113694,0.21597845187917789
1,1,0.044212518311464874,0.9518877357917431,0.0038997458967921514
1,1,0.14320281089513717,0.8204437403395494,0.036353448765313365
1,2,0.14072030551280088,0.3718946432109555,0.4873850512762436
1,2,0.365552759893987,0.10872115531694314,0.5257260847890698
1,1,0.09828482981341319,0.8106025235877636,0.09111264659882315
1,1,0.011243705719914678,0.9835099206268917,0.005246373653193812
1,1,0.012841102101873099,0.9799993935292386,0.007159504368888317
1,1,0.03514851725021943,0.8100104974516449,0.15484098529813564
1,1,0.034593900976956506,0.9121682160125991,0.053237883010444256
1,0,0.49406585158838506,0.4023386900363532,0.1035954583752616
1,1,0.30180210912971017,0.5160987752789926,0.1820991155912972
1,1,1.3210715319531704e-05,0.9999867892353742,4.930633763208242e-11
1,0,0.5183420032176635,0.28188375912799535,0.19977423765434113
1,1,0.010925086506501818,0.9827607999851863,0.006314113508311891
1,1,0.05082798137060807,0.9088898745981825,0.04028214403120944
1,0,0.5858123549280989,0.4018316952902472,0.012355949781653802
1,1,0.2002785151354504,0.715171268766188,0.08455021609836168
2,2,0.0251075161695665,0.11679830068669415,0.8580941831437393
1,1,0.15496577921954688,0.8391962645293216,0.005837956251131443
2,2,0.23852375709793144,0.2663686532186761,0.4951075896833924
1,2,0.05596550922633474,0.199591684419739,0.7444428063539263
1,1,0.07356902994356189,0.7010988507389707,0.22533211931746736
2,2,0.06379965297502056,0.08014392889155816,0.8560564181334211
1,1,0.10076309284028426,0.7944097042733049,0.10482720288641088
2,2,0.13721452445973056,0.1780380603444482,0.6847474151958212
1,1,0.07924637213851758,0.9016106410734533,0.01914298678802901
1,1,0.16096232166681593,0.6673724023667671,0.17166527596641706
0,2,0.3640493970940001,0.20957112835910288,0.42637947454689695
1,1,0.2753016405185971,0.6703696400898619,0.05432871939154085
1,1,0.3405745559908838,0.657546432676638,0.0018790113324781736
1,1,0.014769268853464461,0.9847739018498559,0.00045682929667952845
1,1,0.18030797348950606,0.7267362290038878,0.09295579750660608
1,1,0.09605778621732983,0.8549106280054746,0.049031585777195574
1,1,0.06758027997300012,0.898073281284878,0.03434643874212202
1,1,0.03690279859517664,0.9549891789091238,0.008108022495699618
1,1,0.21676947079332362,0.7414656363143673,0.04176489289230899
1,2,0.052679990272033364,0.21601847771153102,0.7313015320164356
1,1,0.07408401800344097,0.8765521847379419,0.04936379725861694
2,2,0.2021653721559875,0.05126125510538734,0.7465733727386252
1,1,0.3553990852743795,0.5774193338625545,0.06718158086306589
2,2,0.011418946488864715,0.030460057127657352,0.9581209963834778
1,1,0.07761021548816781,0.7948516220450139,0.12753816246681837
1,1,0.15640118301270856,0.8218146095394633,0.02178420744782808
1,1,0.021630327875512733,0.9734353983676933,0.00493427375679387
1,1,0.2787469780943623,0.6869385986568193,0.034314423248818435
1,1,0.01814101742950637,0.9274796564287163,0.05437932614177726
1,0,0.9176066782531855,0.06588781227372056,0.016505509473093868
1,1,0.24105360220201524,0.7423521155488081,0.016594282249176598
1,1,0.037901983208006,0.9355649513000318,0.02653306549196212
1,1,0.09044815422693221,0.8063134577247866,0.10323838804828125
1,1,0.0915160279001988,0.8755698160202964,0.03291415607950489
1,1,0.1004577210486265,0.8313729523576262,0.0681693265937472
1,1,0.03643717098265314,0.894805594076457,0.06875723494088976
1,1,0.1900180527114228,0.7777770114894259,0.032204935799151346
1,1,0.06367915799623501,0.9042935006117044,0.03202734139206067
1,2,0.12200588916910114,0.3189219907774291,0.5590721200534697
1,1,0.0667442718399551,0.7810639914970291,0.15219173666301586
1,1,0.026271723564960384,0.9675691852229271,0.0061590912121125075
1,1,0.017042371051206567,0.9773560727040437,0.005601556244749712
1,1,0.1562819413163809,0.7277566922557841,0.11596136642783518
0,0,0.6744933184438514,0.2271657289354439,0.09834095262070473
1,2,0.2029911145755651,0.3329475354706968,0.46406134995373804
1,1,0.0698552492196439,0.9225437100337106,0.007601040746645395
1,1,0.04567967152013019,0.8970072684791813,0.05731306000068853
1,1,0.08798112208785915,0.864385781715072,0.04763309619706883
1,1,0.33720797682481046,0.6586475749676328,0.004144448207556705
2,2,0.15393486418225352,0.2352970085497511,0.6107681272679955
2,2,0.029717936404095792,0.08773576855770501,0.8825462950381991
2,2,0.05340310278258192,0.10259235067090669,0.8440045465465114
1,1,0.12234140852043537,0.7683964180831014,0.10926217339646321
1,1,0.032360069650323176,0.9451932991058976,0.022446631243779304
2,2,0.02722192947744541,0.13347447242457347,0.8393035980979812
1,1,0.0274663481726214,0.8735762404772321,0.09895741135014648
1,1,0.06939886670745415,0.7698980442922553,0.16070308900029062
1,1,0.10094828219086802,0.7393569443707608,0.15969477343837118
1,1,0.037628515859259554,0.9316064410293334,0.03076504311140722
1,1,0.19137780997758858,0.469782807489834,0.3388393825325774
1,1,0.04954931267199261,0.762333791243778,0.18811689608422957
1,1,0.06960926439033652,0.8772525333826902,0.05313820222697323
1,1,0.052615935869957844,0.6816615770278996,0.2657224871021426
2,2,0.014102646027379167,0.09992460724663339,0.8859727467259875
2,2,0.043477186826904,0.0511516091766638,0.9053712039964322
1,1,0.1337674680732629,0.854222303207352,0.012010228719385197
1,1,0.09253814665670795,0.8721827381304488,0.03527911521284329
0,0,0.6438181349947514,0.28635948588628723,0.06982237911896141
1,1,0.057492971651628734,0.8761666436372448,0.06634038471112635
1,1,0.19720567041223647,0.7967224109709786,0.006071918616784968
2,2,0.2825230708091469,0.25561678526009507,0.46186014393075814
1,1,0.06886213467475459,0.7714136426778405,0.15972422264740485
2,2,0.04176613939461634,0.07592714096047269,0.882306719644911
1,1,0.1687064741692224,0.8183544435713636,0.012939082259414043
1,1,0.17024137142343088,0.6033569597500893,0.22640166882647986
0,0,0.760924330332538,0.17124705123965536,0.06782861842780666
1,1,0.019314745489018195,0.9629757818993709,0.017709472611610797
1,1,0.07540010045490832,0.858524325126115,0.06607557441897668
2,2,0.04558195122356607,0.07820352156906658,0.8762145272073674
1,1,0.1452809738710537,0.7822217938872994,0.07249723224164692
1,1,0.0792282937235257,0.8621692580159499,0.05860244826052435
2,2,0.11065036006809521,0.18926915269751263,0.7000804872343921
2,2,0.1428187437631943,0.23252969510136032,0.6246515611354453
2,2,0.04476853828683984,0.14622022345781638,0.8090112382553438
1,0,0.5072471714472154,0.48141101828922456,0.011341810263560017
1,1,0.18530518433168636,0.8034614287570705,0.011233386911243079
1,1,0.14706497298481053,0.7357659830819188,0.1171690439332706
2,2,0.03447118533497639,0.07630935745430414,0.8892194572107196
1,1,0.09045130587952532,0.8396077310027387,0.06994096311773619
1,1,1.3210715319531704e-05,0.9999867892353742,4.930633763208242e-11
1,1,0.14303465239066457,0.8277561143472434,0.029209233262092127
1,1,0.09119403399840216,0.8670219963413481,0.04178396966024971
1,1,0.10126252328636759,0.7463747338562557,0.15236274285737672
1,1,0.11926831928499912,0.791575589372202,0.08915609134279891
1,1,0.26754714658354334,0.5756972838841697,0.15675556953228703
1,1,0.2817788784360891,0.6557632548408423,0.06245786672306866
1,1,0.2601626589333845,0.7398126554316452,2.4685634970326073e-05
1,1,0.09070552929026597,0.8706466706363066,0.03864780007342742
1,0,0.5360820800699966,0.4363565601741931,0.027561359755810286
1,1,0.09354536922698867,0.8706921988998784,0.035762431873132834
1,1,0.04092657777766272,0.9211679613045984,0.03790546091773888
2,2,0.0003095406163100847,0.00038975269929228954,0.9993007066843975
1,1,0.3245244366250753,0.5704298911964829,0.10504567217844174
1,1,0.37260730981119033,0.5375199547385693,0.08987273545024034
1,2,0.10620269492526185,0.22927038321663012,0.664526921858108
1,1,0.1331106314535991,0.8379170240474966,0.028972344498904384
1,1,0.03264957674471884,0.9572553206692154,0.010095102586065661
1,1,0.21218614260808766,0.7375371192556016,0.050276738136310575
1,1,0.0747572046476616,0.803417926376071,0.12182486897626738
2,2,0.0260901265339302,0.06746024661221875,0.906449626853851
1,1,0.04778760284263404,0.8828318771509017,0.0693805200064643
1,1,0.07995053158876683,0.9113336471836665,0.008715821227566646
1,1,1.3210715319531704e-05,0.9999867892353742,4.930633763208242e-11
1,0,0.5167742385830758,0.3875727194290556,0.09565304198786857
1,1,0.0830879792393386,0.8750541688344892,0.04185785192617213
1,1,0.13298872314814394,0.8541357618227127,0.012875515029143246
1,0,0.7228213418711953,0.24213462666443888,0.03504403146436578
1,1,0.06401762351969136,0.8602273344628617,0.07575504201744683
1,1,0.11850098188340175,0.6039276854886179,0.2775713326279805
2,2,0.026244953708305697,0.0764103698466545,0.8973446764450398
2,2,0.201206252615665,0.15255485705574412,0.6462388903285908
1,1,0.34182188284013315,0.5892951747668942,0.06888294239297262
1,1,0.1192836303239734,0.7924549730598477,0.08826139661617892
1,1,0.13537771832996875,0.8401960710146104,0.024426210655420885
2,2,0.02912329936338736,0.0332205093867157,0.937656191249897
1,1,0.08643796775947059,0.8857719977064655,0.02779003453406391
1,1,0.07649002398845998,0.8852101193559643,0.038299856655575816
2,2,0.057411421539795046,0.16035266085945277,0.7822359176007523
1,1,0.07712763078457321,0.8433214777552991,0.07955089146012782
1,1,0.26579978603287874,0.6913625682030058,0.04283764576411564
1,1,0.04409956621674146,0.8043836144311572,0.15151681935210132
1,0,0.48831409808545273,0.4248021070759271,0.08688379483862013
1,1,0.01944058582112664,0.9627315200809577,0.01782789409791555
1,1,0.05860006117615413,0.8890083328720713,0.05239160595177457
1,1,0.39191311249022354,0.5871913671055677,0.020895520404208674
1,1,0.11143628887494852,0.7868698665241302,0.10169384460092136
1,1,0.1428531891493016,0.8310150993797898,0.02613171147090847
1,1,0.030083379082258273,0.969535955279677,0.0003806656380647395
1,1,0.03526369348037227,0.8965639294524459,0.06817237706718188
1,1,0.04361658436548846,0.9442505661879507,0.012132849446561116
1,1,0.21355659669103308,0.5788683264783383,0.20757507683062856
1,2,0.020746091709644043,0.4177825881717139,0.5614713201186421
1,1,0.05894917215708168,0.8253742642874393,0.11567656355547896
1,1,0.040877915737499854,0.9214191212135789,0.03770296304892105
1,1,0.013534214646515106,0.9774679398603684,0.00899784549311654
1,1,0.16338559911489353,0.7142949363257767,0.12231946455932988
2,2,0.051797818550267744,0.02225719196886805,0.9259449894808643
1,1,0.03761681072978505,0.9312393797737334,0.03114380949648171
1,1,0.0734008428376456,0.888461713002264,0.03813744416009039
1,1,0.0997223793999842,0.816442222727349,0.08383539787266665
1,1,0.08042671998426229,0.8449351762891971,0.0746381037265405
1,1,0.16726203135334045,0.7965615061477923,0.0361764624988674
1,1,0.17499586025724165,0.8138502519895864,0.011153887753171941
1,1,0.17514125805689018,0.6418938235836146,0.1829649183594953
1,1,0.157394487127064,0.8391104255824924,0.003495087290443686
0,2,0.14419708866695796,0.3014311829379696,0.5543717283950723
1,1,0.07980319708460622,0.8507296939874133,0.06946710892798068
0,2,0.321642835626181,0.29410375601731614,0.38425340835650285
1,1,0.127653111164701,0.7438781578295536,0.1284687310057455
1,1,0.07061656710556505,0.9008208628500768,0.02856257004435815
1,1,0.04162604550341678,0.9237938786258365,0.03458007587074664
1,1,0.1373542056463452,0.5541267187141845,0.3085190756394703
1,1,0.1574637378406914,0.8303008788510426,0.012235383308265796
1,1,0.27756094201481524,0.6548175624300894,0.06762149555509538
1,1,0.07756849440829665,0.8396744577046251,0.0827570478870781
1,1,0.06020931617926133,0.7129231959679704,0.22686748785276828
1,1,0.0694065397467822,0.825075472795912,0.10551798745730591
1,1,0.08040449055385687,0.8584232307204117,0.06117227872573151
1,1,0.09996370275444999,0.6519499798610798,0.2480863173844701
1,0,0.714804462292013,0.21802568585018145,0.06716985185780551
2,2,0.17642160471661697,0.08901373247953676,0.7345646628038461
1,1,0.02412890649406845,0.9681253127689863,0.007745780736945095
1,1,0.015922891352809703,0.9775461084857733,0.006531000161417064
0,0,0.7667736766263654,0.18186051017230814,0.05136581320132647
1,1,0.06090687232570317,0.8771765602992907,0.06191656737500621
1,1,0.12691390603576685,0.791213372537378,0.08187272142685523
1,1,0.02307160374862962,0.7595627061066706,0.21736569014469972
0,1,0.2053473938695434,0.7447731812674472,0.049879424863009364
1,1,0.04663021000382932,0.9412020821398763,0.012167707856294454
1,1,0.06324089899899012,0.9242266112585382,0.012532489742471634
1,1,0.1822154375498018,0.6417099113275633,0.17607465112263482
1,1,0.025608329499231246,0.9179228251302802,0.05646884537048865
1,2,0.2364993944731489,0.23842338391508458,0.5250772216117665
2,2,0.092512760768829,0.12638889036481732,0.7810983488663538
1,1,0.21483514520450694,0.6665842189082554,0.11858063588723765
1,1,0.24706985586131927,0.6706903127393048,0.08223983139937599
1,1,0.049608892640694055,0.8930832796357326,0.05730782772357329
1,1,0.10770979058461581,0.814899968255955,0.07739024115942916
1,1,0.2978569724014835,0.6993812955722135,0.0027617320263029557
2,2,0.09153419432151993,0.0955106315281531,0.8129551741503268
1,1,0.018813100139536437,0.9809763083204807,0.00021059153998291344
1,1,0.06662574501032623,0.9089260459111872,0.02444820907848654
1,1,0.05103441128648388,0.7866405990778376,0.16232498963567865
1,1,0.03102548353356527,0.8039038099665389,0.16507070649989586
1,1,0.11866241759455157,0.7943715307237104,0.08696605168173814
1,1,0.2761361325260798,0.6472412575299967,0.07662260994392352
1,1,0.11580389671144391,0.8580407510242676,0.026155352264288396
1,1,0.35908112027199846,0.5182944013961879,0.1226244783318137
2,2,0.11369265854467372,0.06988388954294292,0.8164234519123834
1,1,0.05078330760067498,0.8598054235824906,0.08941126881683459
1,1,0.08788608685071934,0.7576983724579329,0.15441554069134777
2,2,0.18578128354651727,0.15045371955725909,0.6637649968962237
1,1,0.10573909743579347,0.8419249700432848,0.05233593252092172
1,1,0.14643968749945263,0.8179442920560068,0.03561602044454068
1,1,0.030417302046580646,0.9419813794512786,0.027601318502140784
1,1,0.08533188243591361,0.852488590699133,0.062179526864953434
1,1,0.06529923044967442,0.7936273667968401,0.14107340275348548
1,1,0.21285408212523477,0.7504382528798882,0.03670766499487706
1,1,0.43694151595374436,0.5005795133722916,0.06247897067396402
2,2,0.01931232950509887,0.10638694055849295,0.8743007299364083
1,1,0.12499002041470493,0.8696842931554476,0.005325686429847434
0,0,0.4997302954977945,0.49181688380891625,0.008452820693289103
1,1,0.048670038609877286,0.9206772171543184,0.030652744235804375
1,1,0.0641203348245447,0.9079139135171775,0.027965751658277745
1,1,0.07024980255571701,0.9140377073208622,0.01571249012342091
2,2,0.0884972830813581,0.16944481612319745,0.7420579007954445
2,2,0.02102897540299651,0.031580207458829924,0.9473908171381735
2,2,0.08381983763457412,0.2950031409507411,0.6211770214146849
1,1,0.06572338775730736,0.8408031635874066,0.09347344865528621
1,1,0.012938033174698998,0.9817497850591006,0.0053121817662005475
1,1,0.04637881588588154,0.9028629864869626,0.050758197627155686
1,1,0.08508299014221278,0.8279589161613143,0.0869580936964729
1,1,0.31435506552726644,0.6477293733723627,0.03791556110037078
1,1,0.09931430174577556,0.8335909930404024,0.06709470521382213
1,1,0.0733731545456161,0.9055419818233985,0.021084863630985266
1,1,0.045060257857747456,0.9466945658023814,0.008245176339871057
1,1,0.043578635616550704,0.9354233254514825,0.02099803893196668
1,1,1.3210715319531704e-05,0.9999867892353742,4.930633763208242e-11
1,1,0.03905114990992694,0.9188847582823905,0.04206409180768239
1,1,0.11234796819448728,0.5714094961397679,0.31624253566574495
0,0,0.9936952887342152,0.004424873134447816,0.0018798381313369656
1,1,0.19615406037443908,0.6600843995895536,0.14376154003600755
1,1,0.029840178105721028,0.8976159688951341,0.07254385299914486
1,1,0.07379720756082338,0.8979844825409579,0.028218309898218975
1,1,0.09952752049749745,0.8628742226015207,0.037598256900981904
1,1,0.0016978193895109156,0.9982352179756535,6.6962634835577e-05
0,2,0.33088248004707904,0.12148070928979168,0.5476368106631293
0,0,0.7246299082206513,0.1903046378030515,0.08506545397629717
1,1,0.09519718627446566,0.7705541349974443,0.13424867872809013
1,2,0.22307029336114678,0.2123173338433595,0.5646123727954937
0,0,0.6539956025715582,0.2511743613767544,0.09483003605168744
1,1,0.32886431063524807,0.6610434127272973,0.010092276637454723
1,1,0.13654931905312467,0.7943711160633463,0.06907956488352915
1,1,0.044213851077832274,0.9115589385184478,0.04422721040371985
1,1,0.3501811472150745,0.5732647352994664,0.07655411748545912
1,1,0.020713852519015228,0.9703701533010534,0.00891599417993136
1,0,0.6817171285361598,0.2940002817559838,0.024282589707856336
2,2,0.24754068511639235,0.08255373599965056,0.6699055788839572
2,2,0.03367160032266245,0.08330577732938788,0.8830226223479496
1,1,0.05242789213021504,0.9110351562088344,0.03653695166095048
1,1,0.04285993636491811,0.7877746380621494,0.1693654255729324
1,0,0.6109473371061055,0.3651274887695781,0.023925174124316495
1,1,0.025912346139172083,0.9218271144281776,0.05226053943265027
1,1,0.09325698139562419,0.9007592791467007,0.005983739457675149
1,1,0.1529146854518337,0.8192163493810822,0.02786896516708396
2,2,0.0003095406163100847,0.00038975269929228954,0.9993007066843975
1,1,0.06961601061580862,0.8102867399506678,0.12009724943352365
1,0,0.6882504192991618,0.1835311699895899,0.12821841071124837
1,1,0.1122419347415036,0.8573576115897765,0.030400453668719872
0,0,0.686755826048448,0.273146000517425,0.04009817343412695
1,1,0.03375178409519756,0.8550159250544621,0.11123229085034028
1,1,0.22917861115491353,0.7195546038117093,0.051266785033377074
1,1,0.16438210021495944,0.7460350377472743,0.08958286203776643
1,0,0.5389158403593027,0.44846375369377717,0.012620405946919997
1,1,0.031920815810183314,0.8658740985293862,0.10220508566043059
1,1,0.039715821004379065,0.9098524762614341,0.05043170273418689
1,1,0.3018654285082967,0.6648724790769298,0.03326209241477355
2,2,0.050414857288676326,0.05915092309688422,0.8904342196144394
2,2,0.017507662419503845,0.11478144068632451,0.8677108968941718
1,1,0.015574422107763962,0.981442467916762,0.0029831099754740143
1,1,0.055745490286101845,0.9096928333516309,0.0345616763622674
1,0,0.5856646920060724,0.126910314541429,0.28742499345249856
1,1,0.07328043944669703,0.9016106428458565,0.02510891770744636
2,2,0.2278895165802501,0.16956872650267643,0.6025417569170733
1,1,0.039526468999387825,0.918485588226973,0.04198794277363926
1,1,0.08618744489736507,0.7829136313307592,0.1308989237718756
0,0,0.8098329282950563,0.11004336838417374,0.08012370332077005
1,1,0.061258210416225735,0.9074069139494667,0.03133487563430758
1,1,0.0917370447766526,0.8854564176218043,0.022806537601543195
1,1,0.2978589234283995,0.5224149476413201,0.17972612893028042
2,2,0.1067581790305179,0.327593216992147,0.5656486039773352
1,1,0.03449184725561989,0.919115790640094,0.04639236210428597
2,2,0.03212882785245452,0.1795060120221889,0.7883651601253566
2,1,0.10043105681411398,0.8774216948161779,0.02214724836970791
0,1,0.1010231689539121,0.8654123044468769,0.033564526599210935
0,0,0.9076406802377148,0.07903916604281117,0.013320153719474086
1,0,0.5901742121711109,0.3984292955948353,0.01139649223405372
1,1,0.23848574953766113,0.5044908577496844,0.2570233927126545
1,1,0.10344249476550803,0.8119161250308488,0.08464138020364323
2,2,0.18537867010136497,0.2709644952145994,0.5436568346840355
2,2,0.004588818583732206,0.020261264051633688,0.9751499173646341
2,2,0.051682454901344176,0.16577522581789275,0.7825423192807631
2,2,0.09666746786170548,0.08198790951963739,0.821344622618657
1,1,0.1395935869484228,0.8332306431730462,0.027175769878531035
2,2,0.049306452215806325,0.08945126836898847,0.8612422794152051
1,1,0.11045769749852259,0.886862000089379,0.002680302412098617
1,1,0.029480792225619265,0.958436816242745,0.012082391531635699
1,1,0.062409492824098335,0.8299323943146579,0.10765811286124377
1,1,0.23384268839082042,0.5816450502653059,0.18451226134387383
1,1,0.13374787700034568,0.6615360752983562,0.20471604770129806
1,1,0.0741965679214532,0.756259960633572,0.1695434714449749
1,1,0.18244621781786702,0.6599525183531514,0.15760126382898162
1,2,0.0314221410400389,0.33634835920624445,0.6322294997537167
1,1,0.12159658331378746,0.8192213223624002,0.05918209432381234
2,2,0.0823894184340704,0.13306271555962898,0.7845478660063007
1,1,0.05302960226844817,0.8671241669330543,0.07984623079849765
0,0,0.5754873298683311,0.2407548790702603,0.1837577910614086
1,0,0.5989739344740694,0.31580499192719474,0.08522107359873589
2,2,0.03830842160264219,0.06897451023009778,0.8927170681672599
1,1,0.06367441790185363,0.7483292959965101,0.18799628610163613
1,1,0.08330656190392793,0.8981657565008451,0.01852768159522699
1,1,0.07910059142744509,0.9074401951379094,0.013459213434645586
1,1,0.14707299802803034,0.7293240392200387,0.12360296275193086
1,1,0.19852925823728967,0.605144873337509,0.19632586842520136
1,0,0.5756606580736419,0.2587425227646767,0.1655968191616814
0,1,0.3646068955777186,0.5104810996178472,0.12491200480443425
1,1,0.07506580462004697,0.891206086611359,0.03372810876859411
1,1,0.2489706014702032,0.5567272692930887,0.19430212923670806
1,1,0.015247103794871555,0.9817462050362331,0.003006691168895318
2,2,0.08411095748412066,0.24900798558548332,0.666881056930396
1,1,0.14921483364876603,0.792665978282861,0.058119188068372914
1,1,0.4515983076470928,0.5152189444122913,0.033182747940615924
1,1,0.09408601582358077,0.8877272021692711,0.018186782007148107
2,2,0.00913387989326596,0.04163612532478017,0.9492299947819539
1,1,0.16880738404292636,0.7196585743839788,0.11153404157309472
1,1,0.2088709739029067,0.7651412488496891,0.025987777247404156
1,1,0.1881952515537315,0.784611091987956,0.027193656458312492
1,1,0.09430396939507951,0.7866685716384036,0.11902745896651676
1,0,0.49226886499482797,0.44244657399407633,0.06528456101109563
1,2,0.0809414393239382,0.14079860729300328,0.7782599533830585
2,2,0.12358724402364733,0.3399008399237233,0.5365119160526294
1,1,0.07893519109242374,0.8665308922632666,0.0545339166443096
1,1,0.07161882948483847,0.871799702746888,0.056581467768273504
2,2,0.07677691444341458,0.02007928086102237,0.903143804695563
1,1,0.03632846510038319,0.9363604856778688,0.02731104922174792
0,2,0.19517920791407178,0.10931965002762994,0.6955011420582983
2,1,0.036735213635057606,0.9350462498154286,0.028218536549513694
1,1,0.31797676816013687,0.6744985622615003,0.007524669578362791
1,1,0.15740644033475004,0.7854797333406319,0.05711382632461802
1,1,0.19890459336934452,0.7522524715689294,0.048842935061726135
2,2,0.036685356634601034,0.08388564846638363,0.8794289948990154
1,1,0.07559110768953138,0.8274990780785488,0.09690981423191969
1,1,0.44569061891534156,0.5297787736200489,0.02453060746460954
1,1,0.1530777127935181,0.670401360385126,0.1765209268213559
1,1,0.10119325131587388,0.6055449618918566,0.29326178679226966
1,1,0.3598824660851538,0.5207016445108598,0.11941588940398641
2,2,0.058137564205501154,0.06336581109159928,0.8784966247028996
1,2,0.17912293319238498,0.37707720134939926,0.4437998654582158
1,1,0.0015379527872020071,0.998397945736384,6.410147641403336e-05
1,0,0.5117151954853792,0.37583614868699344,0.1124486558276273
1,1,0.03781626558125044,0.888555784150757,0.07362795026799265
1,1,0.045787260006103156,0.9208943428752738,0.03331839711862308
1,1,0.03211424723416357,0.9642726898465407,0.0036130629192956424
1,1,0.06617701220866681,0.7510144998852484,0.18280848790608464
1,1,0.028146429721610626,0.9504633295357328,0.02139024074265652
1,1,0.2956987318895991,0.6203387862921856,0.08396248181821518
1,1,0.1230383345074757,0.7869814946637534,0.08998017082877077
1,1,0.084334369036744,0.6736349227597875,0.24203070820346845
1,1,0.30471690946831775,0.6031316372447132,0.09215145328696894
1,1,0.09641812307382876,0.8813499702422475,0.022231906683923833
2,2,0.42942044548630315,0.08818094482494455,0.4823986096887524
1,1,0.018211980481120958,0.9666068066199579,0.015181212898921369
1,1,0.10344506610076652,0.7575680352921844,0.13898689860704913
1,1,0.022032494825278928,0.9733010861779563,0.004666418996764745
1,1,0.34085149438777584,0.6511533424709403,0.007995163141284102
1,1,0.11610486159309703,0.7895496681232423,0.09434547028366068
1,1,0.0973347943508215,0.661440042267307,0.24122516338187153
1,1,0.29910776383522747,0.6942867931619844,0.006605443002788284
1,1,0.10343717122641499,0.8521387492076632,0.0444240795659219
2,2,0.016758120316209896,0.04773116200256982,0.9355107176812203
1,1,0.05247594246665309,0.8549252756995911,0.09259878183375587
2,2,0.14251568243075083,0.30729274919722516,0.5501915683720241
1,1,0.004030973507353645,0.9918003474957797,0.004168678996866654
1,1,0.336704105201325,0.4021578784264247,0.26113801637225026
1,1,0.03120015087463733,0.9273340019575217,0.041465847167841026
1,1,0.10776114552199163,0.8751117977514248,0.017127056726583555
2,2,0.212994348209715,0.27997179935029004,0.507033852439995
1,1,0.061470275876992095,0.9123278292888243,0.026201894834183722
1,1,0.03536579224418538,0.9615411455871884,0.003093062168626226
1,1,0.11478490774017695,0.8670928053418469,0.018122286917976283
1,1,0.3440982564300202,0.616096027630496,0.03980571593948386
1,1,0.22100046601576093,0.7241374201257066,0.054862113858532534
1,1,0.09865086008469501,0.7681382123240024,0.13321092759130265
1,1,0.3267977767961412,0.5665934318196705,0.10660879138418819
2,2,0.30590060028019606,0.11960915578687492,0.5744902439329291
1,1,0.2163845446579393,0.7788224508188056,0.004793004523254995
1,1,0.06590513694132681,0.8668290615585498,0.06726580150012337
1,1,0.09168282565580824,0.873396827595375,0.03492034674881677
1,1,0.0808453295276384,0.8984468982668062,0.020707772205555353
1,1,0.03541804863168372,0.9510316705828908,0.013550280785425492
1,1,0.16008259722052462,0.7706931360130093,0.06922426676646604
2,2,0.21155562003855655,0.09967350136724144,0.688770878594202
1,1,0.020828263863173622,0.8450023657334125,0.13416937040341395
1,1,0.4137651426098245,0.5626695516638006,0.023565305726374792
2,2,0.04308300295350767,0.10598466532278714,0.8509323317237051
1,0,0.6097053599700443,0.26514599648592374,0.12514864354403207
1,1,0.2613368516007193,0.6491461120018311,0.08951703639744954
1,1,0.1452193555133927,0.7835904957246529,0.07119014876195442
1,1,0.11459460732859153,0.792412612452455,0.09299278021895345
2,2,0.020084921376959507,0.07419418409817707,0.9057208945248635
1,1,0.15924859594590562,0.7749106858603562,0.0658407181937383
2,2,0.2956457533353649,0.19813854784816584,0.5062156988164692
0,2,0.24323304639305215,0.3068485647109912,0.4499183888959566
2,2,0.08133922082966805,0.16674586341245665,0.7519149157578754
1,2,0.05628155403273594,0.24299771598119943,0.7007207299860645
2,2,0.13930472554853743,0.06016232516757195,0.8005329492838906
1,1,0.46812110997820167,0.4842466745337804,0.047632215488018034
0,0,0.5824293878212864,0.3988727288009171,0.01869788337779636
1,0,0.7532368963343439,0.1839866009207509,0.06277650274490519
1,1,0.11195768536017879,0.8422944583215659,0.04574785631825528
1,0,0.6050922711035929,0.38426909191197167,0.010638636984435616
2,2,0.2141433134151442,0.17117276500465073,0.614683921580205
1,1,0.042391869205675725,0.9167305744514485,0.04087755634287578
1,1,0.0571299831013481,0.9341114377561238,0.008758579142528056
1,1,0.04173943445622328,0.7397141165698404,0.2185464489739362
1,1,0.1656146362980532,0.772308454232079,0.06207690946986782
1,1,0.10399749346095308,0.7215026172172188,0.1744998893218282
1,1,0.2458805023428084,0.7484566965827388,0.005662801074452781
1,1,0.10592345642939834,0.8174448292399543,0.07663171433064743
1,1,0.010281900206341281,0.9887522520247278,0.0009658477689310884
1,2,0.046671847319508616,0.30520514644034025,0.6481230062401511
1,1,0.03687068512003737,0.9577461061868148,0.005383208693148042
1,1,0.1600517634189526,0.8349487598284319,0.004999476752615512
1,1,0.16611245676043376,0.5210731010865376,0.31281444215302867
1,1,1.3210715319531704e-05,0.9999867892353742,4.930633763208242e-11
1,1,0.05858970943790529,0.9284189725149513,0.012991318047143319
2,1,0.0784282995227438,0.5357205137911911,0.3858511866860651
1,1,0.1572638850095817,0.5210593692767251,0.32167674571369315
1,1,0.0798059787776622,0.767309070116336,0.15288495110600187
1,1,0.02462679932430747,0.9661489019868533,0.009224298688839092
1,1,0.05854684853656146,0.9383236819948716,0.003129469468566894
1,1,0.053845832695172055,0.7890806820392553,0.15707348526557263
1,1,0.009517170193153327,0.9878057037428563,0.0026771260639903596
1,1,0.4426599546668705,0.5231623894188652,0.034177655914264415
1,1,0.0001619880901957282,0.9998368058088577,1.2061009466757968e-06
1,1,0.020386646623707202,0.9264055346003962,0.05320781877589654
2,2,0.0151587982689926,0.04476980171579714,0.9400714000152103
1,1,0.030205088854917832,0.9556267076801581,0.014168203464924185
1,1,0.07893474654907225,0.9078394016349604,0.013225851815967369
1,1,0.025345724927198502,0.9562562457398078,0.018398029332993816
1,1,0.3539751827612864,0.45842452366279096,0.1876002935759226
1,1,0.09016126893783634,0.7367532699585919,0.17308546110357168
1,1,0.06475420178951749,0.8889103758943708,0.04633542231611157
1,1,0.10669691849309931,0.8107836488043235,0.0825194327025772
1,0,0.45240382235881227,0.32212946155840544,0.22546671608278226
1,1,0.0683391648853733,0.5277741408231603,0.40388669429146634
1,1,0.23547444974161902,0.6156452483431331,0.14888030191524798
1,1,0.053544618165479715,0.8652848041855822,0.08117057764893813
1,1,0.3299837257447395,0.6415224385941781,0.02849383566108247
1,1,0.16496185686402995,0.7898168195670657,0.04522132356890424
1,1,0.20626267939613271,0.6470741834346032,0.1466631371692641
1,1,0.013578075364030962,0.9786366459269176,0.007785278709051495
1,1,0.0655569561562072,0.8644416784099901,0.07000136543380274
1,1,0.036148626497445886,0.9483720965370431,0.01547927696551104
1,1,0.11294031553884709,0.825421526753267,0.06163815770788602
2,2,0.023942056969496566,0.1159033288012303,0.8601546142292732
1,1,0.04666899554405342,0.874431576561299,0.07889942789464759
1,0,0.9510368780785249,0.04611853937943673,0.0028445825420382372
2,2,0.040999170385556796,0.09513680258748014,0.8638640270269631
1,0,0.9323628507802677,0.05370043002942707,0.013936719190305199
2,2,0.02697901893986379,0.07194372838924466,0.9010772526708914
1,1,0.02095695249622995,0.9661610923075882,0.01288195519618192
0,0,0.8060697332265413,0.038233203453702236,0.15569706331975644
1,1,0.05708253744402643,0.8382394768433751,0.10467798571259852
1,1,0.04954171224690418,0.9297723250133269,0.020685962739768946
1,2,0.15140646054919782,0.21725768540154447,0.6313358540492577
1,1,0.1293786452213537,0.7465365345050446,0.1240848202736017
1,1,0.10533653308260624,0.7787875881777713,0.11587587873962261
1,1,0.0945145276738676,0.7935233845416925,0.11196208778443992
1,1,0.13114591707592346,0.6498409463053609,0.2190131366187157
1,1,1.3210715319531704e-05,0.9999867892353742,4.930633763208242e-11
1,1,0.045945851605303706,0.8474456468058897,0.1066085015888065
2,2,0.07583883849125547,0.2858752741073667,0.6382858874013779
2,2,0.04808398935103494,0.1273329278064179,0.8245830828425471
1,1,0.12955485276175863,0.8559192365455296,0.014525910692711808
0,1,0.3640786887432121,0.36665011432003897,0.26927119693674895
2,2,0.11047214768716998,0.19587032459550427,0.6936575277173257
1,1,0.021093380930276358,0.9145810794664049,0.06432553960331883
2,2,0.025729362056185378,0.068562179913634,0.9057084580301806
2,2,0.09447340187174234,0.09126755022398128,0.8142590479042763
2,2,0.08549918739488219,0.1754976703002049,0.7390031423049128
1,1,0.036114373000229204,0.8989544849903871,0.06493114200938377
1,1,0.1525154597462081,0.8380175749384422,0.009466965315349763
1,1,0.12112175345910932,0.8132235419321798,0.06565470460871087
2,2,0.12290460930150819,0.24476804577087743,0.6323273449276143
1,1,0.03188283160812993,0.9653543826834267,0.002762785708443538
1,1,0.020419003702065865,0.9691271905001638,0.010453805797770478
0,0,0.9880084882106803,0.010471671428578015,0.0015198403607417374
1,1,0.047694155977059845,0.8995665434619942,0.05273930056094602
1,1,0.3652290734457598,0.6319341024774758,0.002836824076764377
1,1,0.07400471219829759,0.8323045094576408,0.09369077834406157
1,1,0.08255892430563785,0.8347548557231252,0.08268621997123693
1,1,0.13056442334126983,0.805040601876223,0.06439497478250714
1,0,0.6637155649865509,0.28929879596370756,0.04698563904974147
1,1,0.08751649386824688,0.9065331912925823,0.0059503148391709905
1,1,0.17344960526347342,0.8093398972291073,0.01721049750741925
1,1,0.07829149186380986,0.6964663660927953,0.22524214204339474
1,0,0.7075597223922023,0.1734343048878717,0.11900597271992593
1,1,0.10862703724595589,0.8254852173665446,0.06588774538749946
1,1,0.04652158780540503,0.9384494482047868,0.01502896398980792
1,1,0.026739796205408235,0.9670325143630673,0.006227689431524512
1,1,0.11757847943192033,0.7997128474185142,0.0827086731495654
1,1,0.020610592425765604,0.9683877195968595,0.011001687977374882
1,1,0.08426200247117109,0.9108284984385664,0.004909499090262555
2,2,0.0480455582991394,0.07121383862219612,0.8807406030786644
1,1,0.06793365698694892,0.9210460180934724,0.011020324919578545
1,1,0.27485192748451964,0.7204636850483471,0.004684387467133215
1,1,0.0635924579300831,0.8681312006346864,0.0682763414352305
1,1,0.05123218582348655,0.8964645317831285,0.052303282393384894
1,1,0.10469041189063052,0.7943648168608284,0.10094477124854123
1,1,0.41606690291335474,0.5740721811086733,0.009860915977972
1,0,0.460953925995413,0.09118285391041743,0.44786322009416946
1,1,0.08281588717681931,0.8839717201325029,0.03321239269067781
1,1,0.0999855502560374,0.8618792523100615,0.038135197433901084
2,2,0.35864218075322146,0.20561461929835387,0.43574319994842464
1,1,0.061152416857776136,0.8375718107056873,0.10127577243653635
0,0,0.6194049747347182,0.2892494364171763,0.09134558884810554
1,1,0.09154519888959137,0.7409368209609685,0.1675179801494401
1,1,0.04220270621177447,0.9188444862465073,0.03895280754171845
2,2,0.024602571809410154,0.005646901844977791,0.969750526345612
1,1,0.06821872202457052,0.9283574810240836,0.0034237969513457927
0,2,0.10967405607551187,0.2985987050427926,0.5917272388816955
2,2,0.0512852734066793,0.09025451939945185,0.858460207193869
0,0,0.7127506253189022,0.1201579202374903,0.16709145444360743
1,1,0.34776297522958766,0.5639692781651059,0.0882677466053064
1,1,0.21463776421286712,0.6624213557511144,0.12294088003601845
1,1,0.06866281957641983,0.9264557663741533,0.004881414049426881
1,1,0.04913232255865817,0.9427552249308105,0.008112452510531328
1,1,0.0780880585824099,0.5685968744663294,0.35331506695126064
1,1,0.04376839272280253,0.911995991152341,0.04423561612485668
1,1,0.048914790209165046,0.9088262753950119,0.04225893439582317
1,1,0.24481794881230418,0.7427832454052535,0.012398805782442268
1,1,0.08583496839194373,0.8981211904861223,0.016043841121934098
2,2,0.05739662395542248,0.11188593558404737,0.8307174404605302
1,1,0.11641186924382005,0.8093257499683982,0.07426238078778163
1,1,0.0556945749743038,0.6819125726412484,0.26239285238444787
1,1,0.09775607469400577,0.8950319263429766,0.007211998963017682
1,1,0.08148391491784947,0.8714692956306146,0.04704678945153592
0,1,0.1591911476214117,0.7854827515106825,0.055326100867905875
1,1,0.284776969847765,0.6336397410713626,0.08158328908087248
1,1,0.3561706845878372,0.629513400532946,0.014315914879216896
2,2,0.07677688693067337,0.04668664669517719,0.8765364663741495
1,1,0.20018395249597076,0.4474633875705502,0.3523526599334791
1,1,0.27736984440813406,0.6453330914452533,0.07729706414661255
1,1,0.06944395807233959,0.7247852774733906,0.20577076445426973
0,2,0.2518569579459589,0.13838542920877409,0.609757612845267
1,2,0.10907817074355627,0.178670935908423,0.7122508933480206
1,1,0.18402314314451143,0.7933998911462615,0.02257696570922691
0,2,0.1957109701428268,0.1643643119489959,0.6399247179081773
1,1,0.06903011113655654,0.5423464646264945,0.3886234242369489
1,1,0.4415723234547034,0.5275874646005574,0.03084021194473915
1,1,0.1461351606216369,0.8209096321037803,0.032955207274582864
1,1,0.010955069974195283,0.9781449174442636,0.010900012581541128
1,0,0.8686895455129217,0.11290280252465121,0.018407651962427003
1,1,0.030722018479528004,0.9513154513353027,0.017962530185169398
1,1,0.017973489406724465,0.9772145395720255,0.004811971021250011
1,1,0.0707498832646781,0.8913427492849539,0.037907367450367956
1,1,0.20761550171274504,0.7239398100844268,0.06844468820282805
1,1,0.385021316792462,0.6148275042581866,0.0001511789493513917
1,1,0.20103030667908664,0.5996434815445025,0.19932621177641088
2,2,0.018861904541393238,0.022951856085277975,0.9581862393733288
1,1,0.2636080688080185,0.6972012268885288,0.03919070430345277
0,0,0.9722430169158246,0.023501083219400767,0.004255899864774737
1,1,0.11327427466120674,0.5176479273192754,0.36907779801951773
1,1,0.0739914568212263,0.7083382184931507,0.21767032468562297
1,1,0.033978314610455855,0.7884490915282603,0.17757259386128393
1,2,0.1770891774470712,0.40617588230045776,0.41673494025247115
1,1,0.03912754746147004,0.8990753074562877,0.06179714508224239
1,2,0.13063968393625622,0.37720772565834476,0.49215259040539905
2,2,0.13209174509578364,0.20944208391166935,0.658466170992547
1,1,0.06997300852733032,0.8720123152595282,0.05801467621314155
0,0,0.5070064407319875,0.40325038932566026,0.08974316994235225
2,2,0.00703337912786569,0.02381044151132844,0.9691561793608059
1,1,0.18457431647275127,0.7717441456836206,0.04368153784362808
2,2,0.23250385209395977,0.18423959991758984,0.5832565479884504
2,2,0.05587779566203592,0.03066880209976722,0.9134534022381969
1,2,0.1678685909533829,0.392253408226545,0.4398780008200721
1,1,0.04158408890947482,0.8813439509433779,0.0770719601471473
1,1,0.04964552737988734,0.9390556706805552,0.011298801939557396
1,1,0.009602290118338002,0.983014617398088,0.007383092483573859
2,2,0.04389662328096863,0.09524279276552611,0.8608605839535053
1,0,0.6661650980476285,0.3188959201729314,0.014938981779440188
1,1,0.0577141700884556,0.9166671240354984,0.02561870587604595
1,1,0.07063541182750327,0.8695912667794756,0.05977332139302118
1,1,0.1680431938130654,0.7630565380671899,0.06890026811974471
1,1,0.01712107176169744,0.9809470829016309,0.0019318453366716673
1,1,0.07241823670075334,0.8465719416578779,0.08100982164136881
1,1,0.2216452903773214,0.6561227714306349,0.12223193819204381
0,1,0.27789077012754565,0.4822198712647722,0.23988935860768218
1,1,0.0538726401879843,0.9262412391078929,0.019886120704122753
1,1,0.03565523364972505,0.764336110750829,0.2000086555994459
1,1,0.06868760075410425,0.920938193258644,0.010374205987251733
1,1,0.030722018479528004,0.9513154513353027,0.017962530185169398
1,1,0.03473961903597294,0.9534886502281718,0.011771730735855303
1,1,0.32494760130115613,0.5482715830681664,0.1267808156306774
1,1,0.142553042628284,0.7121475025993339,0.14529945477238213
1,1,0.017643821938813694,0.9706703508769401,0.011685827184246286
1,1,0.10075770877740084,0.8581944137347377,0.041047877487861484
1,1,0.007880421550875448,0.9854610766256461,0.00665850182347827
1,1,0.04103514767121295,0.9278300831445244,0.031134769184262622
1,1,0.08778713237000316,0.7349858196050828,0.1772270480249139
1,1,0.2766853132726907,0.6849481803628135,0.03836650636449582
1,0,0.5483926414665276,0.42287165566119933,0.028735702872273124
2,2,0.023404064282441513,0.10331155285829631,0.8732843828592621
1,1,0.04345456649727415,0.9015457833588696,0.05499965014385621
1,1,0.23254430707985202,0.6628355866289796,0.10462010629116825
1,1,0.040209220852370144,0.9500318273540066,0.009758951793623285
1,1,0.051417060867805654,0.8988544281852723,0.049728510946921996
1,1,0.06935499169132421,0.9166177627242815,0.014027245584394353
2,2,0.1191522658793296,0.12501311461706904,0.7558346195036013
1,1,0.15509776024125213,0.7454131522239079,0.09948908753483991
2,2,0.08458802851729248,0.09906939400795944,0.816342577474748
1,2,0.2666559461657712,0.03379773874939848,0.6995463150848303
1,2,0.035341984328793076,0.04175798230892658,0.9229000333622802
2,2,0.01741137345811845,0.056636965225938675,0.9259516613159429
2,2,0.0765333222120133,0.12107144610702594,0.8023952316809607
1,1,0.1259893928320613,0.8535471917657644,0.0204634154021744
1,1,0.06141491050060771,0.9083079521587968,0.030277137340595478
1,2,0.08283219243433232,0.1914659464088389,0.7257018611568288
1,1,0.11028490333019697,0.7641854491879446,0.12552964748185835
1,1,0.09625776040080629,0.8682211689582612,0.03552107064093254
1,1,0.03894857346894594,0.9328359691276285,0.028215457403425598
1,1,0.0666156391166012,0.9133888055564907,0.019995555326907954
1,1,0.16898419120707397,0.537497117109624,0.2935186916833021
1,1,0.11552304882613372,0.8445588436023851,0.039918107571481114
1,0,0.9426557978024048,0.05620150717953604,0.0011426950180591883
1,1,0.16376561414139862,0.6507053228701856,0.1855290629884158
1,1,0.04326993361182027,0.8783312945773607,0.07839877181081911
1,1,0.09135267227681253,0.8564629852408376,0.052184342482349835
1,1,0.12910285111846065,0.7717699024775073,0.09912724640403199
1,1,0.022391027319415654,0.9697139149666919,0.007895057713892432
1,1,0.13009761690275679,0.6870521829843653,0.18285020011287775
1,1,0.07978808744233923,0.8204560485819188,0.09975586397574183
1,1,0.0036163923484712813,0.9948935470696638,0.0014900605818650844
1,1,0.30901506091359077,0.6588072211697259,0.03217771791668347
1,1,0.2934326002395284,0.6507336833971475,0.05583371636332419
1,1,0.0886629885735362,0.7436804080579463,0.1676566033685176
1,1,0.02703153564183746,0.943451183805217,0.02951728055294536
1,1,0.05531787955145809,0.9057922822317539,0.038889838216788084
1,1,0.16132006298740342,0.8331854449901095,0.00549449202248723
1,1,0.2904480233336675,0.6626970637245715,0.046854912941761
1,1,0.01219638411021171,0.5752810549422241,0.4125225609475641
1,1,0.08674790424053622,0.8747695876058089,0.03848250815365494
1,1,0.04609115042212233,0.9195079300848801,0.03440091949299748
1,1,0.1467198478108071,0.5295817501306193,0.32369840205857364
1,1,0.3770069750133906,0.6191985678786261,0.003794457107983221
1,1,0.12038830380468751,0.8569734598621168,0.022638236333195626
1,1,0.03589622380755661,0.9505228430772573,0.01358093311518604
1,1,0.12824686232976648,0.8239046265313495,0.04784851113888393
1,1,0.13678287516808266,0.834408615996963,0.028808508834954276
1,1,0.15718870449403177,0.6243615309315559,0.2184497645744125
1,1,0.07543706184196913,0.9191755995641422,0.0053873385938887075
1,1,0.19176194012761646,0.7275131241608029,0.08072493571158061
1,1,0.088944080946407,0.8229336645383373,0.08812225451525586
2,2,0.16866583383354217,0.2165130249599544,0.6148211412065034
1,1,0.3617634515555649,0.5637122767303608,0.07452427171407422
1,1,0.1780561591608477,0.45862813222613236,0.3633157086130198
1,1,0.06730877691332574,0.8791291406123514,0.05356208247432301
1,1,0.041108179649957645,0.9156470105871582,0.043244809762884064
2,2,0.03683747049816808,0.010211897252738467,0.9529506322490934
1,1,0.056147691834927425,0.8781505201676111,0.0657017879974614
1,1,0.05854684853656146,0.9383236819948716,0.003129469468566894
1,1,0.10837879429478167,0.7864856913103646,0.10513551439485366
1,1,0.048368693243252915,0.6997719783055907,0.25185932845115644
1,2,0.12177021672790261,0.32784792434385535,0.550381858928242
1,2,0.21250823510800781,0.3879047365198178,0.39958702837217436
1,1,0.07280596067475291,0.9214423569726674,0.0057516823525798145
1,1,0.48380154427992955,0.5130436529473545,0.003154802772715844
2,2,0.06711885626640794,0.043991412357483356,0.8888897313761087
1,1,0.06109120096390627,0.9113026057891072,0.0276061932469866
0,0,0.9728807982807826,0.01751033816961657,0.009608863549600952
1,1,0.04262765699215133,0.8443557114795838,0.11301663152826487
1,1,0.28132692645546337,0.6932432940744863,0.025429779470050488
1,1,0.06237414410636309,0.9181756753579752,0.019450180535661776
1,1,0.0677643261540021,0.8772615625874777,0.054974111258520295
1,2,0.015894707026358503,0.003653604143006643,0.9804516888306348
1,1,0.018198264439416387,0.9579739657101005,0.02382776985048315
2,2,0.10487246864820658,0.13170543270138058,0.7634220986504128
2,2,0.12275361345832918,0.18797436853437843,0.6892720180072923
2,2,0.045141129583240173,0.1340932639778466,0.8207656064389132
1,2,0.09374821202000617,0.37847617024180946,0.5277756177381844
1,1,0.041254688989425824,0.9391313429043548,0.019613968106219244
1,0,0.4862604324957343,0.4795416020214173,0.03419796548284834
2,2,0.11997656757559627,0.32971874058239475,0.550304691842009
1,1,0.02996619611641313,0.9164128542835637,0.05362094960002319
1,2,0.1715302188351475,0.259144719146346,0.5693250620185065
1,1,0.2850444034879032,0.698347004978765,0.016608591533331787
1,1,0.13502234867470522,0.8191367323534957,0.04584091897179913
2,2,0.3202218217798392,0.1190579708401498,0.5607202073800109
2,2,0.04715167414847394,0.053501261387134305,0.8993470644643918
1,1,9.936189423177696e-06,0.9999900171312498,4.667932681136468e-08
1,1,0.08822256698339834,0.8027965223269083,0.10898091068969343
1,0,0.8089069724903758,0.1608441481198302,0.030248879389794127
1,1,0.1830814915584392,0.8039409144919053,0.012977593949655494
1,1,0.31842573560542314,0.5783525109612678,0.10322175343330894
1,1,0.31626835604453496,0.5645089326270545,0.11922271132841049
0,0,0.7604781676597635,0.05088914485840482,0.18863268748183173
1,1,0.05724860966120609,0.8927494634601324,0.05000192687866152
0,1,0.16766939854991358,0.7555219706181473,0.07680863083193909
1,1,0.05286091330814811,0.8953449360016771,0.05179415069017498
1,1,0.0670661075857942,0.8712777206259376,0.061656171788268335
1,0,0.5937794820155956,0.3685160259509521,0.03770449203345218
1,1,0.1251791767316788,0.8155340600428634,0.059286763225457735
1,1,0.03342477271973647,0.8652901303950867,0.10128509688517684
1,1,0.05778810359729065,0.8638067671281443,0.07840512927456508
1,1,0.07686999230550283,0.8638796757363034,0.05925033195819365
2,2,0.013282182987447481,0.08596382307970096,0.9007539939328516
1,1,0.0342693340197814,0.9647657876761208,0.0009648783040979143
1,2,0.10292842853758942,0.35969790641480137,0.5373736650476093
2,2,0.12261955960813636,0.1906120260302451,0.6867684143616186
1,1,0.034856040881899183,0.9225574298734212,0.0425865292446798
0,0,0.5585516600055621,0.20937869289646532,0.23206964709797254
1,1,0.10043568784513729,0.8740734544237424,0.025490857731120236
1,1,0.22997447756534317,0.7175753105648002,0.05245021186985664
1,2,0.3920287412954415,0.12704514261097144,0.4809261160935871
1,1,0.011618577682438087,0.9883737977471182,7.624570443623168e-06
1,1,0.21842639567088407,0.7064657587950506,0.07510784553406541
1,1,0.054048984705119374,0.9308031258260712,0.01514788946880935
1,1,0.04930673656799783,0.932049591058953,0.01864367237304922
1,1,0.10238813045947492,0.7895782075924128,0.10803366194811206
1,1,0.15020389187129896,0.6283215339217588,0.2214745742069423
1,1,0.07741243815249166,0.8134533105503172,0.10913425129719126
1,1,0.33334948733148134,0.6170881680949,0.049562344573618536
1,1,0.30918410488569703,0.6050552051172654,0.08576068999703756
1,1,0.08736596380119156,0.7944752566142466,0.11815877958456183
1,1,0.27690632678405114,0.6525473202657188,0.07054635295022998
1,1,0.04504636683800599,0.8804593803292973,0.07449425283269674
1,1,0.10358585419382635,0.8309180090793382,0.0654961367268354
0,0,0.451876340740735,0.43695205043885194,0.11117160882041299
2,2,0.031040876001466454,0.11088315182344367,0.8580759721750899
1,0,0.5464428093212804,0.42312223351219286,0.030434957166526822
1,1,0.30102317988501875,0.6728248077529522,0.026152012362029242
2,2,0.013610061222674368,0.03340340935396417,0.9529865294233615
1,1,0.19966541022831266,0.7246743097661525,0.07566028000553471
2,2,0.1076855157419688,0.0969680482355046,0.7953464360225266
1,1,0.023938727960388446,0.9590639901528644,0.016997281886747363
2,1,0.32097060114489495,0.3978024059164872,0.2812269929386179
1,1,0.06288214197533372,0.9153440970587953,0.02177376096587103
2,2,0.1236888777099783,0.2500595966853865,0.6262515256046352
1,1,0.04895351819746596,0.9022327059388998,0.0488137758636342
1,1,0.039756110315210966,0.8630251110638087,0.09721877862098033
1,1,0.04057738278933581,0.9148532808242675,0.04456933638639661
1,1,0.08645681060584233,0.8832457469112944,0.0302974424828632
1,1,0.10313934887148273,0.8480980540020139,0.04876259712650324
1,1,0.05835590945944408,0.8595445220847525,0.08209956845580338
1,0,0.4647820094636556,0.10074815222704522,0.43446983830929914
0,0,0.7784367690516075,0.1819888119292185,0.03957441901917387
1,1,0.07358254931992107,0.9121335271749911,0.014283923505087781
1,0,0.42738045679531295,0.21220535169547763,0.36041419150920945
1,1,0.03608529451140348,0.9481963263673111,0.015718379121285514
1,1,0.07493315669356757,0.774575137623286,0.15049170568314651
1,1,0.1696143320099559,0.8018026521968703,0.028583015793173742
1,1,0.24491183033391445,0.7504918463111239,0.0045963233549618
1,1,0.20288961148444631,0.7006261991215729,0.09648418939398086
2,2,0.032982781463968464,0.026028943525131534,0.9409882750108999
1,1,0.12478040178395922,0.5921650570086495,0.2830545412073912
1,0,0.8062841309504492,0.15183298429879408,0.041882884750756695
1,1,0.02581225639357318,0.9678698745664167,0.006317869040010104
1,1,0.13002714452739797,0.8411267523884631,0.02884610308413875
1,1,0.09983432413278055,0.7849750113109581,0.11519066455626117
1,1,0.2867219167710685,0.4327034804458288,0.2805746027831027
1,2,0.10370100941935657,0.2626719964297414,0.6336269941509022
1,1,0.11411121224017175,0.6833463519433605,0.20254243581646783
1,1,0.23544442457992973,0.7133090944965317,0.05124648092353845
1,1,0.04326659540668102,0.7391980348509106,0.21753536974240847
1,1,0.03533053646813757,0.9281499788236712,0.03651948470819115
1,1,0.07784125877726208,0.862229024552202,0.05992971667053605
1,1,0.053027514530404045,0.7561861300117555,0.19078635545784048
1,1,0.035549318411480825,0.9500649116183392,0.01438576997017993
1,1,0.08133917817045395,0.8519905345790268,0.06667028725051914
1,1,0.10057918783527636,0.7715011598149989,0.12791965234972477
1,1,0.015421327800958798,0.9785705749575059,0.00600809724153544
1,1,0.03559377139507763,0.9274101332981848,0.03699609530673765
1,1,0.18686669026397335,0.731291306537596,0.08184200319843057
1,1,0.24120012773164323,0.6540064161166029,0.1047934561517538
1,1,0.0528104917218571,0.8291238176232165,0.11806569065492643
1,0,0.670714273727183,0.12961146636444507,0.19967425990837198
0,2,0.37209760868730685,0.1995766435647341,0.4283257477479591
1,1,0.07465005500191306,0.9033777132438718,0.021972231754215265
2,2,0.0048518362872314365,0.0101850366518704,0.9849631270608982
1,1,0.07616552650211221,0.8607848279307343,0.06304964556715345
1,1,0.02563405952340446,0.9080569699225465,0.066308970554049
1,1,0.11365662418602235,0.7438080386839535,0.14253533713002417
2,2,0.021501422954392665,0.10752595979852,0.8709726172470874
1,1,0.014036968541952681,0.9776588287712182,0.0083042026868291
1,1,0.05583406532047903,0.7381025620578869,0.206063372621634
1,1,0.03084218686055698,0.9386067026879691,0.03055111045147387
0,0,0.820118468701837,0.060068492492135105,0.11981303880602787
1,1,0.011960862974477043,0.9867752472826329,0.0012638897428901156
1,1,0.040545556693216606,0.9423753371248788,0.01707910618190452
1,1,0.032069893180799953,0.9531516632194585,0.014778443599741438
1,1,0.06918119249378539,0.8623787138025366,0.06844009370367798
1,1,0.023622293126911834,0.8548654746847059,0.12151223218838231
1,1,0.04676037585023033,0.9019126911807572,0.05132693296901247
1,1,0.11904643972922546,0.5726957972707652,0.3082577630000093
1,1,0.2861999800211023,0.6663814474072118,0.047418572571685705
1,1,0.13514634766070088,0.6465109339900127,0.21834271834928642
1,0,0.9261271406404422,0.0663507891804558,0.007522070179101825
1,2,0.08937978503599925,0.22218093317884188,0.6884392817851589
1,1,0.31165783068436614,0.6714066897990956,0.016935479516538197
2,2,0.10361165107084731,0.10271793186535749,0.7936704170637953
2,2,0.027520275365361783,0.055143856971892315,0.917335867662746
1,1,0.13420699794020047,0.8125798906007291,0.0532131114590706
0,1,0.3559037694364204,0.5785503981504737,0.06554583241310595
1,1,0.012421086410294407,0.9869837523681179,0.0005951612215877543
1,1,0.10937661781830249,0.838110185672083,0.05251319650961452
1,1,0.12929198342900775,0.7281771778788265,0.14253083869216573
1,1,0.33733160973606824,0.6225254968445834,0.040142893419348576
1,1,0.16305592824043316,0.7923742297307851,0.04456984202878181
1,1,0.08725710324242467,0.8396273185961937,0.07311557816138176
1,1,0.18107267878826233,0.8030196460670326,0.01590767514470508
1,1,0.10901448829934353,0.8239487001995924,0.06703681150106401
2,2,0.08982092997366403,0.06610651495289314,0.8440725550734428
1,2,0.07852525230415047,0.23944115346056039,0.6820335942352891
1,1,0.07104258460939529,0.8322880044018908,0.09666941098871414
1,1,0.21060576805799416,0.4867223392393246,0.30267189270268124
1,1,0.3993385456164057,0.4336182943068888,0.1670431600767054
1,1,0.23250438179534144,0.6396388372797569,0.12785678092490166
1,1,0.1594710450381777,0.6400092902461912,0.20051966471563104
0,1,0.33522901284231815,0.34324999839782655,0.32152098875985535
2,2,0.01786194073344275,0.048697871516155025,0.9334401877504023
1,1,0.0298676216038443,0.9209068231597131,0.04922555523644256
1,2,0.03071505924782831,0.37149026027808096,0.5977946804740907
1,1,0.06012670937127465,0.912117880400822,0.027755410227903347
1,1,0.08797088104306003,0.83576341106374,0.07626570789320002
1,1,0.3905457896470308,0.5732098250859426,0.036244385267026516
1,1,0.09190707210267922,0.8869466385227786,0.021146289374542163
0,0,0.9419491471261412,0.042089773993931476,0.015961078879927263
1,1,0.23599510901810006,0.7443098327976143,0.01969505818428548
0,0,0.979449306402838,0.012413688456532198,0.00813700514062988
1,1,0.1276958692312754,0.8618175231204803,0.010486607648244151
1,0,0.5375869938885471,0.35550406170830046,0.10690894440315242
2,2,0.06424611894808933,0.16840957256256764,0.7673443084893431
1,1,0.03964591073406665,0.8797986652671358,0.08055542399879759
1,1,0.09149886254119984,0.8775028671877113,0.03099827027108876
1,1,0.13243467999103595,0.8559972496924994,0.011568070316464538
1,1,0.06041115328234705,0.8837053470149715,0.05588349970268146
0,0,0.4658176340078486,0.3141200396523128,0.22006232633983863
1,0,0.5549267492764233,0.4361488068259626,0.008924443897614168
1,1,0.032163496734444005,0.9560526493213531,0.011783853944202944
1,0,0.5459027448802174,0.41863170671694516,0.03546554840283733
1,1,0.06257644054513661,0.8196685802535177,0.11775497920134577
1,1,0.1362281773663694,0.8534052141710934,0.010366608462537064
1,0,0.5124419254275648,0.48102213295980495,0.006535941612630132
1,1,0.037053955642435736,0.8920919709499286,0.07085407340763562
1,0,0.9244961783091922,0.040212655528605125,0.03529116616220256
1,1,0.04640559188501189,0.9377499505938087,0.01584445752117942
1,1,0.06947603444564997,0.8818328952975311,0.048691070256818965
1,1,0.019941732772817206,0.9767726495090651,0.003285617718117734
1,1,0.039536208984410424,0.9408660411400538,0.0195977498755358
1,1,0.1306918549936581,0.8055529743732993,0.06375517063304266
1,1,0.09425999018148234,0.723139517002358,0.1826004928161597
1,1,1.3210715319531704e-05,0.9999867892353742,4.930633763208242e-11
1,1,0.19306969190761122,0.6116172098698557,0.19531309822253304
1,1,0.010674296763780419,0.9756039148785761,0.01372178835764347
1,1,0.07205299904718618,0.9084296206190431,0.019517380333770845
2,2,0.0443117172437587,0.17968711023995612,0.7760011725162852
1,1,0.30886958264322584,0.6772905648307769,0.013839852525997351
1,1,0.09306331773946834,0.8915685477421866,0.015368134518345036
1,1,0.13407826680755064,0.74124842349499,0.12467330969745925
2,2,0.028262054683443477,0.028829488133095948,0.9429084571834605
1,1,0.2319620307593553,0.7208145475425355,0.04722342169810923
2,2,0.09088424990746903,0.09601776480451585,0.8130979852880151
1,1,0.24169744814606678,0.5915410432168986,0.16676150863703468
2,2,0.1250322641910699,0.11063637894485674,0.7643313568640735
2,2,0.35805220175448405,0.07355056645253027,0.5683972317929857
1,2,0.08700494129731742,0.42079949836756014,0.49219556033512246
1,1,0.10731154072921843,0.8662140863776148,0.026474372893166873
2,2,0.04951801139408529,0.04957461672257656,0.9009073718833381
1,1,0.04465034236411792,0.5715001614570484,0.3838494961788336
1,1,0.04804557107298966,0.9277918074001374,0.0241626215268729
0,1,0.13047587744478423,0.8542762387026347,0.015247883852580945
1,1,0.08871577345884797,0.8699917044891355,0.04129252205201653
1,1,0.18943527756851042,0.799683236757553,0.010881485673936587
1,1,0.05014832990448187,0.8857456773701717,0.0641059927253462
1,1,0.02279914778469595,0.9476909301536097,0.029509922061694293
1,1,0.14257576145016454,0.6667068222755294,0.19071741627430625
1,0,0.9251166609068097,0.07423783263618682,0.000645506457003507
1,1,0.014002420973645074,0.9842197697023547,0.0017778093240001136
1,1,0.057162005790899785,0.9421130608193323,0.0007249333897678332
1,1,0.03453748004576173,0.9467497293312509,0.01871279062298739
1,1,0.0286193371143407,0.963612855834914,0.007767807050745253
1,1,0.09724240618889723,0.8758582295108754,0.02689936430022736
1,1,0.31400498646218633,0.542153112434362,0.14384190110345157
1,0,0.3953221233934198,0.3313578494839565,0.27332002712262377
1,1,0.05961856249129474,0.7810771658075224,0.15930427170118297
2,2,0.04396793716134749,0.09870230573650748,0.8573297571021451
1,1,0.06713891860764647,0.8745230236967437,0.058338057695609805
1,1,0.1453582933437994,0.795780135471675,0.05886157118452546
1,2,0.1015297778043781,0.3922294991748791,0.5062407230207429
1,1,0.06718603116619817,0.6129499641479864,0.3198640046858154
1,1,0.04303576282133473,0.9475629189230111,0.009401318255654077
1,1,0.17685401781932622,0.411883199082118,0.41126278309855574
1,1,0.061554975137761495,0.9155013551500725,0.02294366971216604
1,1,0.05525998531526115,0.8516162156927891,0.09312379899194968
1,1,0.08026643729696903,0.8543954110736931,0.06533815162933793
1,1,0.1504759423562229,0.6962753920887084,0.1532486655550687
1,1,0.05865153002878093,0.9354785281040682,0.005869941867150813
1,1,0.20078863265106567,0.734393989569158,0.06481737777977632
2,2,0.09624112083696972,0.09784393924354733,0.8059149399194829
1,1,0.018315871010702305,0.9807483368767914,0.0009357921125063275
1,1,0.03303640296147929,0.9497024104211892,0.017261186617331416
1,1,0.15719766706898608,0.7753357058847373,0.06746662704627651
1,1,0.02832774043960712,0.9714264627302485,0.00024579683014447237
1,1,0.1393085914187272,0.7542980300262059,0.10639337855506696
1,1,0.059599116260169636,0.9287010527005225,0.011699831039307728
1,1,0.0001619880901957282,0.9998368058088577,1.2061009466757968e-06
1,1,0.06173487085016901,0.8762656004263013,0.06199952872352969
2,2,0.1334211193483215,0.2409460358841354,0.6256328447675432
1,1,0.06918550249861963,0.859595737012643,0.07121876048873739
1,1,0.046123979408432596,0.9259563670495615,0.027919653542006092
1,1,0.030068655298401907,0.932464281837972,0.03746706286362596
1,1,0.0879942296484347,0.8883950195394253,0.023610750812139918
1,0,0.48706590318450677,0.46764949282120066,0.0452846039942926
1,1,0.06790424154869032,0.9159410699790712,0.016154688472238568
1,1,0.05122558447988146,0.9174101779673823,0.031364237552736235
2,2,0.08218543252493452,0.033451583318503744,0.8843629841565618
1,1,0.07346570497656245,0.8456036984904883,0.08093059653294929
1,1,0.17618717357581998,0.792295036867253,0.031517789556926835
2,2,0.09375575588940313,0.11664784407015197,0.789596400040445
1,1,0.11761875347168389,0.8474986102870141,0.03488263624130207
1,1,0.13552098308288169,0.8256965588541603,0.03878245806295796
1,1,0.20830010598900314,0.7875897571759196,0.004110136835077181
1,1,0.0582026278689348,0.728354670842614,0.2134427012884512
1,1,0.3665064419371806,0.617306567144165,0.01618699091865426
1,0,0.3849009472426021,0.3607258899254593,0.2543731628319388
0,1,0.47721278856694715,0.49161894782113497,0.031168263611917914
1,1,0.09615887205726151,0.8939674652667988,0.009873662675939624
0,0,0.4049604109646735,0.3304880801077438,0.2645515089275827
1,1,0.027661888067262063,0.861938744703445,0.11039936722929297
1,1,0.16769370162969577,0.809151013085827,0.023155285284477103
2,2,0.14280328421838787,0.07743469518749319,0.7797620205941189
1,0,0.5369233105248544,0.32284258471588384,0.1402341047592617
1,0,0.44774670055873966,0.41983433114089963,0.13241896830036062
0,0,0.771962262363828,0.16676816284606943,0.061269574790102505
1,1,0.23670630601822298,0.6200454108445785,0.14324828313719856
1,1,0.0489445987129182,0.8421643681352707,0.10889103315181098
0,1,0.03795058238923312,0.9479843568199593,0.01406506079080764
1,1,0.062014692851503635,0.8955743296996276,0.042410977448868695
1,1,0.13885992372552686,0.8002441493009361,0.060895926973536976
1,1,0.049969372705995316,0.9245751351059596,0.025455492188045145
1,1,0.06867157301025308,0.927427565887083,0.0039008611026637927
1,1,0.34795096753817684,0.6447375871069706,0.007311445354852543
1,1,0.03728834445579447,0.9491880437996357,0.013523611744569754
2,2,0.0783793390408581,0.38743561083524786,0.5341850501238942
1,1,0.34139097362848836,0.48222898131896563,0.1763800450525461
1,1,0.43943995975271216,0.4738623259097688,0.08669771433751908
1,1,0.4171541118035947,0.4916861420435932,0.09115974615281212
1,1,0.07930395405274056,0.8533350045560629,0.06736104139119646
1,1,0.06957203566570229,0.9188621064070437,0.011565857927254203
1,1,0.062750560487894,0.855205780695217,0.08204365881688895
1,1,0.031796952526406366,0.8509976496780745,0.11720539779551915
1,1,0.0645858298121236,0.8114495676387756,0.12396460254910065
2,2,0.1629516952782148,0.16102222401055769,0.6760260807112275
1,1,0.058489155795415866,0.6876057341369672,0.25390511006761685
1,2,0.36896212124811345,0.11579445405891921,0.5152434246929674
1,1,0.3913823296058895,0.4638277925725592,0.14478987782155137
2,2,0.04002617491901632,0.10123376266104533,0.8587400624199384
1,1,0.0036172497227025396,0.9958685322518375,0.0005142180254599779
1,1,0.2805644992558157,0.6516780061304969,0.06775749461368734
1,1,0.3671715126077802,0.6141253870283782,0.018703100363841686
1,1,0.06898707480798633,0.8585979249444553,0.0724150002475584
1,1,0.14984972869663965,0.8423797704348859,0.0077705008684746165
1,1,0.10972044796334905,0.8144961908106946,0.07578336122595639
2,2,0.03739540609890964,0.023989950747522023,0.9386146431535684
1,1,0.1371175392438255,0.7779221965232848,0.08496026423288974
1,1,0.04972629673404567,0.9177230155442468,0.03255068772170745
1,1,0.18896447907528782,0.8057350747670385,0.005300446157673694
1,1,0.15797104248525556,0.7751753685727812,0.06685358894196321
2,2,0.07454830440872925,0.09708972817061111,0.8283619674206596
1,1,0.30962239632965294,0.6627452949781104,0.027632308692236696
1,1,0.13282091742789626,0.866854776065525,0.00032430650657862807
1,0,0.7714154963523872,0.20718884722496705,0.021395656422645924
1,1,0.10387998021674319,0.7466093610889869,0.14951065869426994
1,2,0.05160674230667378,0.2240760208959385,0.7243172367973877
2,2,0.032516249171598004,0.05107215143510495,0.9164115993932971
1,1,0.40972596558545965,0.5088333097222627,0.08144072469227766
1,2,0.054012920111442285,0.41285391529303617,0.5331331645955216
0,0,0.6115682329760083,0.3670807909261361,0.02135097609785553
1,1,0.15581260862380478,0.8289971827035091,0.015190208672686313
1,1,0.24394895350603713,0.6612306528597398,0.09482039363422307
1,1,0.04569141832350708,0.8359928866723978,0.11831569500409507
1,1,0.03787647786405714,0.9123481430903269,0.0497753790456161
1,1,0.16387817002012192,0.7427933258753198,0.09332850410455822
1,1,0.23390392281499503,0.7430589712791252,0.023037105905879676
1,1,0.24189901722731047,0.7574664067186446,0.0006345760540448063
1,1,0.1469747127117029,0.8372396278448282,0.01578565944346887
1,0,0.6252027034721261,0.34605116061631147,0.028746135911562342
2,2,0.04505020350762824,0.11181620371708575,0.8431335927752861
2,2,0.337140827522383,0.1205688869038493,0.5422902855737676
1,1,0.17010846349093722,0.7740507655739934,0.05584077093506914
1,1,0.07286384598657365,0.9165280950212813,0.010608058992145208
1,0,0.5069963784659588,0.4836208146013762,0.009382806932664965
1,0,0.820194129915984,0.17911446016232416,0.0006914099216918109
1,1,0.11182235084581522,0.807072598961129,0.08110505019305589
1,1,0.2546968894091164,0.6960296232676971,0.04927348732318637
1,0,0.43118232614581187,0.40955166350851924,0.1592660103456689
1,0,0.678645991325142,0.19452439841215674,0.1268296102627011
1,2,0.17264864704702676,0.3798683913624842,0.44748296159048917
1,1,0.06796522639706923,0.7641374398077605,0.16789733379517024
1,1,0.09019202470098771,0.7904206557182084,0.11938731958080384
1,1,0.07713640909274642,0.7783473215846625,0.14451626932259115
1,1,0.1546683274937795,0.8222747205091284,0.023056951997092106
1,1,0.20312586058255228,0.7770013606868237,0.019872778730624006
1,1,0.04802574905038852,0.9476357487047139,0.00433850224489758
2,2,0.025785427955818143,0.0794651297169782,0.8947494423272037
1,1,0.13414958432590843,0.7889965044494175,0.07685391122467411
1,1,0.039692847493791,0.920157218430743,0.040149934075465875
2,1,0.23289313319281107,0.3898771861769016,0.37722968063028733
1,1,0.1982075501675488,0.703319865639721,0.09847258419273001
1,0,0.5088584100832163,0.424268423772016,0.06687316614476761
2,2,0.09261044467242727,0.2296563752864662,0.6777331800411066
1,0,0.593739445642645,0.39081315375764125,0.015447400599713636
1,1,0.024801747340501286,0.9490858899099849,0.026112362749513746
1,1,0.012223828566304419,0.9831445499818706,0.0046316214518250486
1,1,0.34517399877711596,0.5438506760720189,0.11097532515086515
1,1,0.11585810427491616,0.5200343270624959,0.364107568662588
1,1,0.09565362052340211,0.7255132534593014,0.17883312601729642
1,0,0.6693626525563661,0.29106797803443923,0.039569369409194644
1,1,0.13796656422642053,0.7596105367004624,0.10242289907311702
1,1,0.08410498511232765,0.6473392867232862,0.2685557281643861
1,1,0.16611010391293393,0.7579441069162189,0.07594578917084718
1,1,0.17869483266500272,0.8176886928429251,0.0036164744920721076
1,1,0.161047406915399,0.790352747908952,0.048599845175648915
1,1,0.17483102028351363,0.7833553759370449,0.04181360377944151
1,1,0.33254588358011344,0.6035159342073277,0.06393818221255883
1,1,0.1961496602634847,0.7353779695927847,0.06847237014373062
1,1,0.13794264268171905,0.857504821921492,0.004552535396788833
1,1,0.32065098083791155,0.653341405681838,0.026007613480250404
1,1,0.05185644146896748,0.8933013399288572,0.05484221860217539
1,1,0.09836958256512274,0.8690664064000115,0.03256401103486565
1,1,0.030722018479528004,0.9513154513353027,0.017962530185169398
1,1,0.35649102413939787,0.4309751545267384,0.2125338213338637
1,1,0.15437398853406273,0.6499151425642129,0.1957108689017243
1,1,0.10607293233475144,0.7398576917762838,0.1540693758889648
1,1,0.12097050792395393,0.8220252257883163,0.05700426628772975
1,1,0.07837589602915215,0.8485209159651459,0.07310318800570195
1,1,0.07460154590354487,0.889849318897641,0.03554913519881421
1,1,0.1597628718823631,0.5775114081605793,0.2627257199570575
2,2,0.06613713544994891,0.2223917466937048,0.7114711178563463
1,1,0.10022001320092218,0.8736373997951355,0.02614258700394236
1,1,0.026019565301299112,0.9389468167434819,0.03503361795521896
1,2,0.19259857812521297,0.3464378425410405,0.46096357933374643
0,0,0.7974653906235707,0.1830178329381128,0.019516776438316542
1,1,0.3909187343988823,0.521189140584538,0.08789212501657978
1,1,0.22501708558030153,0.4267976426285013,0.3481852717911973
1,2,0.10991520520157504,0.3365763156891311,0.5535084791092939
1,1,0.03367913677013033,0.9093616138012126,0.05695924942865707
2,2,0.04902069210395664,0.09214126513159673,0.8588380427644465
1,1,0.413062755433341,0.5629932540244217,0.023943990542237333
2,2,0.014373740912501556,0.012246868732927713,0.9733793903545707
2,2,0.043072590521263186,0.14294239144557608,0.8139850180331608
1,1,0.07696717554826499,0.6202248533293081,0.3028079711224269
2,2,0.03022848495051501,0.097967599614115,0.87180391543537
0,1,0.26928776319545256,0.5582714431116007,0.17244079369294674
2,2,0.04612428484765322,0.06298176050677358,0.8908939546455732
1,1,0.056133885750579385,0.9313747921041519,0.012491322145268902
1,1,0.1962589163168833,0.7561482815898674,0.04759280209324923
1,1,0.07774755998586665,0.8961205735221103,0.026131866492023106
1,1,0.090263953898044,0.8761262777740012,0.0336097683279548
1,1,0.021066936900784938,0.9660681368635622,0.012864926235652815
1,1,0.006953222925092139,0.9910976922795757,0.0019490847953320873
1,1,0.05122425185328889,0.8625951002710888,0.0861806478756223
2,2,0.11350926106299418,0.13137280055206632,0.7551179383849395
1,2,0.3855127441710156,0.07817999460762637,0.536307261221358
1,1,0.23131229792838967,0.7630023439226817,0.005685358148928658
1,1,0.038984958100271694,0.887304895933509,0.07371014596621935
2,2,0.1369165741232185,0.1929160770226684,0.6701673488541131
1,1,0.12498570893321582,0.7087917916307777,0.16622249943600653
1,1,0.04923780602928629,0.9061586781372352,0.04460351583347851
1,1,0.18483291649817443,0.8045370373687054,0.010630046133120236
1,1,0.2453761087987777,0.7190518321670898,0.035572059034132665
1,1,0.18744449431299665,0.6759272436564168,0.13662826203058667
1,0,0.45727728660327893,0.3929819846063517,0.14974072879036934
1,1,0.0001619880901957282,0.9998368058088577,1.2061009466757968e-06
1,1,0.00546359734375614,0.994149678858333,0.000386723797910684
1,1,0.013236528392341846,0.9517074174252526,0.03505605418240547
1,1,0.2932370541531422,0.6721435091376811,0.03461943670917667
1,1,0.04260049876243567,0.9275006575069794,0.02989884373058488
1,1,0.04536016511601222,0.9085244977170001,0.04611533716698781
1,1,0.048896792747060214,0.8648043985486614,0.08629880870427828
1,1,0.043948301264522316,0.9371224534143694,0.018929245321108273
1,0,0.560289176464793,0.26609374886123655,0.1736170746739703
1,1,0.11372264063588511,0.8126022438502318,0.07367511551388302
1,1,0.2268481656901695,0.7708288988856427,0.002322935424187886
1,1,0.054629208759459154,0.8977043108915173,0.04766648034902361
1,1,0.05591861605310313,0.9371824649005494,0.006898919046347381
1,1,0.19129122806074428,0.7969940630679119,0.011714708871343796
1,1,0.435623764297165,0.45883475409450514,0.10554148160832999
1,0,0.5999465579144324,0.32966431719770306,0.07038912488786453
1,1,0.08146748384197079,0.8971510411303073,0.02138147502772196
1,1,0.0727973071501375,0.8931045884724454,0.03409810437741711
1,1,0.041199713607270476,0.9474628425858229,0.011337443806906563
1,1,0.02034463694011254,0.941904927644993,0.03775043541489449
1,1,0.08714589155463731,0.8741177793685704,0.038736329076792274
1,2,0.08554181356924725,0.2520458018038648,0.6624123846268879
1,1,0.3200750946225096,0.6051325917606218,0.07479231361686843
0,0,0.9874580575593813,0.011727220049740587,0.0008147223908781558
1,1,0.04866740564207502,0.9403415564493933,0.01099103790853176
1,1,0.22824640547992558,0.5700066638770936,0.20174693064298074
1,1,0.3260359957137492,0.5311521058416792,0.14281189844457162
1,1,0.13170710444832753,0.781194486310278,0.0870984092413945
0,1,0.4480640782165655,0.5325598562081355,0.01937606557529886
1,1,0.12653998405164477,0.8181768881699365,0.05528312777841888
1,2,0.26511366514206824,0.29208576544066034,0.4428005694172714
1,0,0.47695356057283456,0.4409458562911284,0.08210058313603712
1,1,0.03673093645585965,0.9376653433640657,0.02560372018007475
1,1,0.1158931948671136,0.8591623711933105,0.02494443393957588
1,1,0.08160112123148693,0.5330713999716532,0.3853274787968599
1,1,0.0418829809963883,0.9359255478665579,0.022191471137053956
1,1,0.06781420078138499,0.921179407478981,0.011006391739634164
1,1,0.1723352774085323,0.8064133224848102,0.021251400106657447
1,1,0.029098863210249393,0.9266890587912938,0.044212077998456736
2,2,0.058942248822018276,0.18132816288971723,0.7597295882882646
1,1,0.2592453729529416,0.695130401997225,0.04562422504983337
1,1,0.13192125453452264,0.8271112600115464,0.04096748545393084
1,1,0.10279874560506905,0.8563081964089377,0.040893057985993124
1,0,0.5844919535071349,0.16884037831876653,0.24666766817409846
1,1,0.16545884074410963,0.7730297514203434,0.061511407835546934
1,0,0.669033707181297,0.31091577937696874,0.02005051344173442
1,1,0.41652702034203914,0.5787263100698342,0.0047466695881265885
1,1,0.08990618185926595,0.8359444279310538,0.07414939020968027
1,1,0.019442043756762287,0.9499910921197287,0.030566864123509004
1,1,0.09041128408966885,0.8151652128490052,0.09442350306132591
1,2,0.015085404871664144,0.14304404961895395,0.8418705455093818
1,1,0.06802639059585626,0.5887697762969213,0.34320383310722247
1,1,0.006336167626270483,0.9928761105391939,0.0007877218345354085
1,1,0.3787828314892633,0.4978717305002559,0.12334543801048077
2,2,0.034082268260317565,0.049714113625693876,0.9162036181139885
2,2,0.030009878089352324,0.07699803645876839,0.8929920854518794
2,2,0.024074920176417384,0.14250377860350338,0.8334213012200793
1,1,0.23798533982950776,0.7445773686799878,0.017437291490504395
1,1,0.02129329754567014,0.9782847148987863,0.00042198755554345176
1,1,0.050869881041576664,0.8700527372672117,0.07907738169121178
1,1,0.015574422107763962,0.981442467916762,0.0029831099754740143
1,1,1.3210715319531704e-05,0.9999867892353742,4.930633763208242e-11
0,1,0.28922284892267236,0.41326123075314125,0.29751592032418644
0,1,0.20579802622490795,0.718555593110457,0.07564638066463507
0,2,0.12188509398133733,0.21789374905511455,0.6602211569635481
1,0,0.45314496128744525,0.3607222331226888,0.18613280558986606
1,0,0.8914669393560093,0.06399412118479207,0.04453893945919867
1,1,0.02892695237644385,0.9443038951275317,0.02676915249602454
1,1,0.0635268923599738,0.9319795615640892,0.004493546075937072
1,1,0.07934147915862656,0.5973582759920225,0.3233002448493508
1,1,0.10878672190350229,0.7533455983771667,0.13786767971933106
1,1,0.06361631933677098,0.8581410265687657,0.0782426540944633
1,1,0.3500517554355182,0.6303997050457385,0.019548539518743222
1,1,0.0437319749310807,0.9345142658466905,0.0217537592222287
2,2,0.025159076050641174,0.06497251011530555,0.9098684138340534
